[
  {
    "model": "erp.campus",
    "pk": 1,
    "fields": {
      "user_creation": 1,
      "date_creation": null,
      "user_updated": 1,
      "date_updated": null,
      "name": "SEDE - SAN JUAN",
      "address": "Avenida San Juan",
      "is_active": "1"
    }
  },
  {
    "model": "erp.campus",
    "pk": 2,
    "fields": {
      "user_creation": 1,
      "date_creation": null,
      "user_updated": 1,
      "date_updated": null,
      "name": "SEDE - MIRAFLORES",
      "address": "Avenida Miraflores",
      "is_active": "1"
    }
  },
  {
    "model": "erp.area",
    "pk": 1,
    "fields": {
      "name": "GERENCIA",
      "is_active": "1"
    }
  },
  {
    "model": "erp.area",
    "pk": 2,
    "fields": {
      "name": "OPERACIONES",
      "is_active": "1"
    }
  },
  {
    "model": "erp.area",
    "pk": 3,
    "fields": {
      "name": "ADMINISTRACION",
      "is_active": "1"
    }
  },
  {
    "model": "erp.area",
    "pk": 4,
    "fields": {
      "name": "COMERCIAL",
      "is_active": "1"
    }
  },
  {
    "model": "erp.area",
    "pk": 5,
    "fields": {
      "name": "COMERCIAL SUPERVISOR",
      "is_active": "1"
    }
  },
  {
    "model": "erp.perfil",
    "pk": 1,
    "fields": {
      "name": "Gerente",
      "is_active": "1"
    }
  },
  {
    "model": "erp.staff",
    "pk": 1,
    "fields": {
      "user": 1,
      "perfil": 1,
      "area": 1,
      "avatar": "avatar/2021/06/24/3223.png",
      "is_active": "1",
      "date_joined": "2021-06-24",
      "date_creation": "2021-06-24T16:49:47.800Z",
      "date_updated": "2021-06-24T16:49:47.801Z"
    }
  },
  {
    "model": "erp.category",
    "pk": 1,
    "fields": {
      "name": "LAPTOP",
      "desc": "EQUIPO",
      "is_active": "1"
    }
  },
  {
    "model": "erp.category",
    "pk": 2,
    "fields": {
      "name": "CPU",
      "desc": "EQUIPO",
      "is_active": "1"
    }
  },
  {
    "model": "erp.category",
    "pk": 3,
    "fields": {
      "name": "TABLET",
      "desc": "EQUIPO",
      "is_active": "1"
    }
  },
  {
    "model": "erp.category",
    "pk": 4,
    "fields": {
      "name": "MONITOR",
      "desc": "EQUIPO",
      "is_active": "1"
    }
  },
  {
    "model": "erp.category",
    "pk": 5,
    "fields": {
      "name": "IMPRESORA",
      "desc": "EQUIPO",
      "is_active": "1"
    }
  },
  {
    "model": "erp.category",
    "pk": 6,
    "fields": {
      "name": "PROYECTOR",
      "desc": "EQUIPO",
      "is_active": "1"
    }
  },
  {
    "model": "erp.category",
    "pk": 7,
    "fields": {
      "name": "ECRAN",
      "desc": "EQUIPO",
      "is_active": "1"
    }
  },
  {
    "model": "erp.category",
    "pk": 8,
    "fields": {
      "name": "MEMORIA",
      "desc": "COMPONENTES",
      "is_active": "1"
    }
  },
  {
    "model": "erp.category",
    "pk": 9,
    "fields": {
      "name": "PROCESADOR",
      "desc": "COMPONENTES",
      "is_active": "1"
    }
  },
  {
    "model": "erp.category",
    "pk": 10,
    "fields": {
      "name": "DISCO",
      "desc": "COMPONENTES",
      "is_active": "1"
    }
  },
  {
    "model": "erp.category",
    "pk": 11,
    "fields": {
      "name": "TARJETA DE VIDEO",
      "desc": "COMPONENTES",
      "is_active": "1"
    }
  },
  {
    "model": "erp.category",
    "pk": 12,
    "fields": {
      "name": "S.O",
      "desc": "LICENCIAS",
      "is_active": "1"
    }
  },
  {
    "model": "erp.category",
    "pk": 13,
    "fields": {
      "name": "OFFICE",
      "desc": "LICENCIAS",
      "is_active": "1"
    }
  },
  {
    "model": "erp.category",
    "pk": 14,
    "fields": {
      "name": "ANTIVIRUS",
      "desc": "LICENCIAS",
      "is_active": "1"
    }
  },
  {
    "model": "erp.category",
    "pk": 15,
    "fields": {
      "name": "GENERAL",
      "desc": "GENERAL",
      "is_active": "1"
    }
  },
  {
    "model": "erp.brand",
    "pk": 1,
    "fields": {
      "name": "APPLE",
      "category": 1,
      "is_active": "1"
    }
  },
  {
    "model": "erp.brand",
    "pk": 2,
    "fields": {
      "name": "DELL",
      "category": 1,
      "is_active": "1"
    }
  },
  {
    "model": "erp.brand",
    "pk": 3,
    "fields": {
      "name": "HP",
      "category": 1,
      "is_active": "1"
    }
  },
  {
    "model": "erp.brand",
    "pk": 4,
    "fields": {
      "name": "LENOVO",
      "category": 1,
      "is_active": "1"
    }
  },
  {
    "model": "erp.brand",
    "pk": 5,
    "fields": {
      "name": "TOSHIBA",
      "category": 1,
      "is_active": "1"
    }
  },
  {
    "model": "erp.brand",
    "pk": 6,
    "fields": {
      "name": "LG",
      "category": 1,
      "is_active": "1"
    }
  },
  {
    "model": "erp.brand",
    "pk": 7,
    "fields": {
      "name": "MEMORIA",
      "category": 8,
      "is_active": "1"
    }
  },
  {
    "model": "erp.brand",
    "pk": 8,
    "fields": {
      "name": "APPLE",
      "category": 2,
      "is_active": "1"
    }
  },
  {
    "model": "erp.brand",
    "pk": 9,
    "fields": {
      "name": "COMPATIBLE",
      "category": 2,
      "is_active": "1"
    }
  },
  {
    "model": "erp.brand",
    "pk": 10,
    "fields": {
      "name": "DISCO",
      "category": 10,
      "is_active": "1"
    }
  },
  {
    "model": "erp.brand",
    "pk": 11,
    "fields": {
      "name": "HP",
      "category": 2,
      "is_active": "1"
    }
  },
  {
    "model": "erp.brand",
    "pk": 12,
    "fields": {
      "name": "DELL",
      "category": 2,
      "is_active": "1"
    }
  },
  {
    "model": "erp.brand",
    "pk": 13,
    "fields": {
      "name": "S.O",
      "category": 12,
      "is_active": "1"
    }
  },
  {
    "model": "erp.brand",
    "pk": 14,
    "fields": {
      "name": "OFFICE",
      "category": 13,
      "is_active": "1"
    }
  },
  {
    "model": "erp.brand",
    "pk": 15,
    "fields": {
      "name": "LENOVO",
      "category": 2,
      "is_active": "1"
    }
  },
  {
    "model": "erp.brand",
    "pk": 16,
    "fields": {
      "name": "APPLE",
      "category": 3,
      "is_active": "1"
    }
  },
  {
    "model": "erp.brand",
    "pk": 17,
    "fields": {
      "name": "ADVANCE",
      "category": 3,
      "is_active": "1"
    }
  },
  {
    "model": "erp.brand",
    "pk": 18,
    "fields": {
      "name": "LENOVO",
      "category": 3,
      "is_active": "1"
    }
  },
  {
    "model": "erp.brand",
    "pk": 19,
    "fields": {
      "name": "HYUNDAI",
      "category": 3,
      "is_active": "1"
    }
  },
  {
    "model": "erp.brand",
    "pk": 20,
    "fields": {
      "name": "DELL ",
      "category": 4,
      "is_active": "1"
    }
  },
  {
    "model": "erp.brand",
    "pk": 21,
    "fields": {
      "name": "HP",
      "category": 4,
      "is_active": "1"
    }
  },
  {
    "model": "erp.brand",
    "pk": 22,
    "fields": {
      "name": "LG",
      "category": 4,
      "is_active": "1"
    }
  },
  {
    "model": "erp.brand",
    "pk": 23,
    "fields": {
      "name": "AOC",
      "category": 4,
      "is_active": "1"
    }
  },
  {
    "model": "erp.brand",
    "pk": 24,
    "fields": {
      "name": "VIEWSONIC",
      "category": 4,
      "is_active": "1"
    }
  },
  {
    "model": "erp.brand",
    "pk": 25,
    "fields": {
      "name": "SAMSUNG",
      "category": 4,
      "is_active": "1"
    }
  },
  {
    "model": "erp.brand",
    "pk": 26,
    "fields": {
      "name": "TEROS",
      "category": 4,
      "is_active": "1"
    }
  },
  {
    "model": "erp.brand",
    "pk": 27,
    "fields": {
      "name": "BENQ",
      "category": 4,
      "is_active": "1"
    }
  },
  {
    "model": "erp.brand",
    "pk": 28,
    "fields": {
      "name": "HP",
      "category": 5,
      "is_active": "1"
    }
  },
  {
    "model": "erp.brand",
    "pk": 29,
    "fields": {
      "name": "EPSON",
      "category": 5,
      "is_active": "1"
    }
  },
  {
    "model": "erp.brand",
    "pk": 30,
    "fields": {
      "name": "XEROX",
      "category": 5,
      "is_active": "1"
    }
  },
  {
    "model": "erp.brand",
    "pk": 31,
    "fields": {
      "name": "TSC",
      "category": 5,
      "is_active": "1"
    }
  },
  {
    "model": "erp.brand",
    "pk": 32,
    "fields": {
      "name": "VIEW SONIC",
      "category": 6,
      "is_active": "1"
    }
  },
  {
    "model": "erp.brand",
    "pk": 33,
    "fields": {
      "name": "KLIP XTREME",
      "category": 7,
      "is_active": "1"
    }
  },
  {
    "model": "erp.brand",
    "pk": 34,
    "fields": {
      "name": "INTEL",
      "category": 9,
      "is_active": "1"
    }
  },
  {
    "model": "erp.brand",
    "pk": 35,
    "fields": {
      "name": "XEON",
      "category": 9,
      "is_active": "1"
    }
  },
  {
    "model": "erp.brand",
    "pk": 36,
    "fields": {
      "name": "AMD",
      "category": 11,
      "is_active": "1"
    }
  },
  {
    "model": "erp.brand",
    "pk": 37,
    "fields": {
      "name": "NVIDIA",
      "category": 11,
      "is_active": "1"
    }
  },
  {
    "model": "erp.brand",
    "pk": 38,
    "fields": {
      "name": "ANTIVIRUS",
      "category": 14,
      "is_active": "1"
    }
  },
  {
    "model": "erp.brand",
    "pk": 39,
    "fields": {
      "name": "GENERAL-PROVISIONAL1",
      "category": 15,
      "is_active": "1"
    }
  },
  {
    "model": "erp.brand",
    "pk": 40,
    "fields": {
      "name": "GENERAL-PROVISIONAL2",
      "category": 15,
      "is_active": "1"
    }
  },
  {
    "model": "erp.brand",
    "pk": 41,
    "fields": {
      "name": "GENERICA",
      "category": 11,
      "is_active": "1"
    }
  },
  {
    "model": "erp.brand",
    "pk": 42,
    "fields": {
      "name": "APPLE",
      "category": 9,
      "is_active": "1"
    }
  },
  {
    "model": "erp.model",
    "pk": 1,
    "fields": {
      "name": "MACBOOK PRO",
      "brand": 1,
      "is_active": "1"
    }
  },
  {
    "model": "erp.model",
    "pk": 2,
    "fields": {
      "name": "MACBOOK AIR",
      "brand": 1,
      "is_active": "1"
    }
  },
  {
    "model": "erp.model",
    "pk": 3,
    "fields": {
      "name": "G3 15",
      "brand": 2,
      "is_active": "1"
    }
  },
  {
    "model": "erp.model",
    "pk": 4,
    "fields": {
      "name": "INSPIRON 5584",
      "brand": 2,
      "is_active": "1"
    }
  },
  {
    "model": "erp.model",
    "pk": 5,
    "fields": {
      "name": "INSPIRON 3421",
      "brand": 2,
      "is_active": "1"
    }
  },
  {
    "model": "erp.model",
    "pk": 6,
    "fields": {
      "name": "INSPIRON 3443",
      "brand": 2,
      "is_active": "1"
    }
  },
  {
    "model": "erp.model",
    "pk": 7,
    "fields": {
      "name": "INSPIRON 3458",
      "brand": 2,
      "is_active": "1"
    }
  },
  {
    "model": "erp.model",
    "pk": 8,
    "fields": {
      "name": "INSPIRON 3459",
      "brand": 2,
      "is_active": "1"
    }
  },
  {
    "model": "erp.model",
    "pk": 9,
    "fields": {
      "name": "INSPIRON 3467",
      "brand": 2,
      "is_active": "1"
    }
  },
  {
    "model": "erp.model",
    "pk": 10,
    "fields": {
      "name": "INSPIRON 3493",
      "brand": 2,
      "is_active": "1"
    }
  },
  {
    "model": "erp.model",
    "pk": 11,
    "fields": {
      "name": "INSPIRON 3593",
      "brand": 2,
      "is_active": "1"
    }
  },
  {
    "model": "erp.model",
    "pk": 12,
    "fields": {
      "name": "INSPIRON 5378",
      "brand": 2,
      "is_active": "1"
    }
  },
  {
    "model": "erp.model",
    "pk": 13,
    "fields": {
      "name": "INSPIRON 5379",
      "brand": 2,
      "is_active": "1"
    }
  },
  {
    "model": "erp.model",
    "pk": 14,
    "fields": {
      "name": "INSPIRON 5458",
      "brand": 2,
      "is_active": "1"
    }
  },
  {
    "model": "erp.model",
    "pk": 15,
    "fields": {
      "name": "INSPIRON 5559",
      "brand": 2,
      "is_active": "1"
    }
  },
  {
    "model": "erp.model",
    "pk": 16,
    "fields": {
      "name": "INSPIRON 5593",
      "brand": 2,
      "is_active": "1"
    }
  },
  {
    "model": "erp.model",
    "pk": 17,
    "fields": {
      "name": "INSPIRON 14",
      "brand": 2,
      "is_active": "1"
    }
  },
  {
    "model": "erp.model",
    "pk": 18,
    "fields": {
      "name": "LATITUDE 3400",
      "brand": 2,
      "is_active": "1"
    }
  },
  {
    "model": "erp.model",
    "pk": 19,
    "fields": {
      "name": "LATITUDE 3490",
      "brand": 2,
      "is_active": "1"
    }
  },
  {
    "model": "erp.model",
    "pk": 20,
    "fields": {
      "name": "LATITUDE 3500",
      "brand": 2,
      "is_active": "1"
    }
  },
  {
    "model": "erp.model",
    "pk": 21,
    "fields": {
      "name": "LATITUDE 3510",
      "brand": 2,
      "is_active": "1"
    }
  },
  {
    "model": "erp.model",
    "pk": 22,
    "fields": {
      "name": "LATITUDE 5400",
      "brand": 2,
      "is_active": "1"
    }
  },
  {
    "model": "erp.model",
    "pk": 23,
    "fields": {
      "name": "LATITUDE 7490",
      "brand": 2,
      "is_active": "1"
    }
  },
  {
    "model": "erp.model",
    "pk": 24,
    "fields": {
      "name": "PRECISION 3541",
      "brand": 2,
      "is_active": "1"
    }
  },
  {
    "model": "erp.model",
    "pk": 25,
    "fields": {
      "name": "VOSTRO 3459",
      "brand": 2,
      "is_active": "1"
    }
  },
  {
    "model": "erp.model",
    "pk": 26,
    "fields": {
      "name": "VOSTRO 3490",
      "brand": 2,
      "is_active": "1"
    }
  },
  {
    "model": "erp.model",
    "pk": 27,
    "fields": {
      "name": " 450 G3",
      "brand": 3,
      "is_active": "1"
    }
  },
  {
    "model": "erp.model",
    "pk": 28,
    "fields": {
      "name": "14-AB109LA",
      "brand": 3,
      "is_active": "1"
    }
  },
  {
    "model": "erp.model",
    "pk": 29,
    "fields": {
      "name": "14-AC109LA",
      "brand": 3,
      "is_active": "1"
    }
  },
  {
    "model": "erp.model",
    "pk": 30,
    "fields": {
      "name": "14-AC115LA",
      "brand": 3,
      "is_active": "1"
    }
  },
  {
    "model": "erp.model",
    "pk": 31,
    "fields": {
      "name": "14-BS026LA",
      "brand": 3,
      "is_active": "1"
    }
  },
  {
    "model": "erp.model",
    "pk": 32,
    "fields": {
      "name": "14-D040LA",
      "brand": 3,
      "is_active": "1"
    }
  },
  {
    "model": "erp.model",
    "pk": 33,
    "fields": {
      "name": "14-R023LA",
      "brand": 3,
      "is_active": "1"
    }
  },
  {
    "model": "erp.model",
    "pk": 34,
    "fields": {
      "name": "15-DW1007LA",
      "brand": 3,
      "is_active": "1"
    }
  },
  {
    "model": "erp.model",
    "pk": 35,
    "fields": {
      "name": "15-BS019LA",
      "brand": 3,
      "is_active": "1"
    }
  },
  {
    "model": "erp.model",
    "pk": 36,
    "fields": {
      "name": "15-BS021LA",
      "brand": 3,
      "is_active": "1"
    }
  },
  {
    "model": "erp.model",
    "pk": 37,
    "fields": {
      "name": "15-BS030LA",
      "brand": 3,
      "is_active": "1"
    }
  },
  {
    "model": "erp.model",
    "pk": 38,
    "fields": {
      "name": "15-BS036LA",
      "brand": 3,
      "is_active": "1"
    }
  },
  {
    "model": "erp.model",
    "pk": 39,
    "fields": {
      "name": "15-DA0013LA",
      "brand": 3,
      "is_active": "1"
    }
  },
  {
    "model": "erp.model",
    "pk": 40,
    "fields": {
      "name": "15-DA0015LA",
      "brand": 3,
      "is_active": "1"
    }
  },
  {
    "model": "erp.model",
    "pk": 41,
    "fields": {
      "name": "15-DW0004LA",
      "brand": 3,
      "is_active": "1"
    }
  },
  {
    "model": "erp.model",
    "pk": 42,
    "fields": {
      "name": "240 G3",
      "brand": 3,
      "is_active": "1"
    }
  },
  {
    "model": "erp.model",
    "pk": 43,
    "fields": {
      "name": "240 G4",
      "brand": 3,
      "is_active": "1"
    }
  },
  {
    "model": "erp.model",
    "pk": 44,
    "fields": {
      "name": "240 G5",
      "brand": 3,
      "is_active": "1"
    }
  },
  {
    "model": "erp.model",
    "pk": 45,
    "fields": {
      "name": "240 G6",
      "brand": 3,
      "is_active": "1"
    }
  },
  {
    "model": "erp.model",
    "pk": 46,
    "fields": {
      "name": "250 G6",
      "brand": 3,
      "is_active": "1"
    }
  },
  {
    "model": "erp.model",
    "pk": 47,
    "fields": {
      "name": "250 G7",
      "brand": 3,
      "is_active": "1"
    }
  },
  {
    "model": "erp.model",
    "pk": 48,
    "fields": {
      "name": "HP PAVILION 16-a0001la",
      "brand": 3,
      "is_active": "1"
    }
  },
  {
    "model": "erp.model",
    "pk": 49,
    "fields": {
      "name": "340 G1",
      "brand": 3,
      "is_active": "1"
    }
  },
  {
    "model": "erp.model",
    "pk": 50,
    "fields": {
      "name": "340 G2",
      "brand": 3,
      "is_active": "1"
    }
  },
  {
    "model": "erp.model",
    "pk": 51,
    "fields": {
      "name": "440 G5",
      "brand": 3,
      "is_active": "1"
    }
  },
  {
    "model": "erp.model",
    "pk": 52,
    "fields": {
      "name": "4430S",
      "brand": 3,
      "is_active": "1"
    }
  },
  {
    "model": "erp.model",
    "pk": 53,
    "fields": {
      "name": "450 G4",
      "brand": 3,
      "is_active": "1"
    }
  },
  {
    "model": "erp.model",
    "pk": 54,
    "fields": {
      "name": "ELITEBOOK 840",
      "brand": 3,
      "is_active": "1"
    }
  },
  {
    "model": "erp.model",
    "pk": 55,
    "fields": {
      "name": "ELITEBOOK 840 G6",
      "brand": 3,
      "is_active": "1"
    }
  },
  {
    "model": "erp.model",
    "pk": 56,
    "fields": {
      "name": "ENVY 13-AH0003LA",
      "brand": 3,
      "is_active": "1"
    }
  },
  {
    "model": "erp.model",
    "pk": 57,
    "fields": {
      "name": "ENVY 13-AQ1002LA",
      "brand": 3,
      "is_active": "1"
    }
  },
  {
    "model": "erp.model",
    "pk": 58,
    "fields": {
      "name": "HP 450 G6",
      "brand": 3,
      "is_active": "1"
    }
  },
  {
    "model": "erp.model",
    "pk": 59,
    "fields": {
      "name": "PAVILION X360",
      "brand": 3,
      "is_active": "1"
    }
  },
  {
    "model": "erp.model",
    "pk": 60,
    "fields": {
      "name": "PROBOOK 440 G7",
      "brand": 3,
      "is_active": "1"
    }
  },
  {
    "model": "erp.model",
    "pk": 61,
    "fields": {
      "name": "PROBOOK 450 G5",
      "brand": 3,
      "is_active": "1"
    }
  },
  {
    "model": "erp.model",
    "pk": 62,
    "fields": {
      "name": "PROBOOK 450 G7",
      "brand": 3,
      "is_active": "1"
    }
  },
  {
    "model": "erp.model",
    "pk": 63,
    "fields": {
      "name": "320-15IKB",
      "brand": 4,
      "is_active": "1"
    }
  },
  {
    "model": "erp.model",
    "pk": 64,
    "fields": {
      "name": "500-15ISK",
      "brand": 4,
      "is_active": "1"
    }
  },
  {
    "model": "erp.model",
    "pk": 65,
    "fields": {
      "name": "520-15IKB",
      "brand": 4,
      "is_active": "1"
    }
  },
  {
    "model": "erp.model",
    "pk": 66,
    "fields": {
      "name": "B40-80",
      "brand": 4,
      "is_active": "1"
    }
  },
  {
    "model": "erp.model",
    "pk": 67,
    "fields": {
      "name": "B50-80",
      "brand": 4,
      "is_active": "1"
    }
  },
  {
    "model": "erp.model",
    "pk": 68,
    "fields": {
      "name": "E590",
      "brand": 4,
      "is_active": "1"
    }
  },
  {
    "model": "erp.model",
    "pk": 69,
    "fields": {
      "name": "FLEX 14",
      "brand": 4,
      "is_active": "1"
    }
  },
  {
    "model": "erp.model",
    "pk": 70,
    "fields": {
      "name": "G580",
      "brand": 4,
      "is_active": "1"
    }
  },
  {
    "model": "erp.model",
    "pk": 71,
    "fields": {
      "name": "IDEAPAD 520",
      "brand": 4,
      "is_active": "1"
    }
  },
  {
    "model": "erp.model",
    "pk": 72,
    "fields": {
      "name": "IDEAPAD 520S",
      "brand": 4,
      "is_active": "1"
    }
  },
  {
    "model": "erp.model",
    "pk": 73,
    "fields": {
      "name": "IDEAPAD S145-14IWL",
      "brand": 4,
      "is_active": "1"
    }
  },
  {
    "model": "erp.model",
    "pk": 74,
    "fields": {
      "name": "IDEAPAD S145-15IWL",
      "brand": 4,
      "is_active": "1"
    }
  },
  {
    "model": "erp.model",
    "pk": 75,
    "fields": {
      "name": "L380",
      "brand": 4,
      "is_active": "1"
    }
  },
  {
    "model": "erp.model",
    "pk": 76,
    "fields": {
      "name": "LEGION Y530",
      "brand": 4,
      "is_active": "1"
    }
  },
  {
    "model": "erp.model",
    "pk": 77,
    "fields": {
      "name": "LEGION Y540",
      "brand": 4,
      "is_active": "1"
    }
  },
  {
    "model": "erp.model",
    "pk": 78,
    "fields": {
      "name": "LEGION Y740",
      "brand": 4,
      "is_active": "1"
    }
  },
  {
    "model": "erp.model",
    "pk": 79,
    "fields": {
      "name": "FLEX-6",
      "brand": 4,
      "is_active": "1"
    }
  },
  {
    "model": "erp.model",
    "pk": 80,
    "fields": {
      "name": "THINKBOOK 15IML",
      "brand": 4,
      "is_active": "1"
    }
  },
  {
    "model": "erp.model",
    "pk": 81,
    "fields": {
      "name": "THINKPAD E580",
      "brand": 4,
      "is_active": "1"
    }
  },
  {
    "model": "erp.model",
    "pk": 82,
    "fields": {
      "name": "THINKPAD E590",
      "brand": 4,
      "is_active": "1"
    }
  },
  {
    "model": "erp.model",
    "pk": 83,
    "fields": {
      "name": "THINKPAD L15",
      "brand": 4,
      "is_active": "1"
    }
  },
  {
    "model": "erp.model",
    "pk": 84,
    "fields": {
      "name": "THINKPAD L480",
      "brand": 4,
      "is_active": "1"
    }
  },
  {
    "model": "erp.model",
    "pk": 85,
    "fields": {
      "name": "THINKPAD L490",
      "brand": 4,
      "is_active": "1"
    }
  },
  {
    "model": "erp.model",
    "pk": 86,
    "fields": {
      "name": "THINKPAD T490",
      "brand": 4,
      "is_active": "1"
    }
  },
  {
    "model": "erp.model",
    "pk": 87,
    "fields": {
      "name": "THINKPAD X1",
      "brand": 4,
      "is_active": "1"
    }
  },
  {
    "model": "erp.model",
    "pk": 88,
    "fields": {
      "name": "THINKPAD X270",
      "brand": 4,
      "is_active": "1"
    }
  },
  {
    "model": "erp.model",
    "pk": 89,
    "fields": {
      "name": "V310-14ISK",
      "brand": 4,
      "is_active": "1"
    }
  },
  {
    "model": "erp.model",
    "pk": 90,
    "fields": {
      "name": "V310-15ISK",
      "brand": 4,
      "is_active": "1"
    }
  },
  {
    "model": "erp.model",
    "pk": 91,
    "fields": {
      "name": "V330-14ISK",
      "brand": 4,
      "is_active": "1"
    }
  },
  {
    "model": "erp.model",
    "pk": 92,
    "fields": {
      "name": "V330-15IKB",
      "brand": 4,
      "is_active": "1"
    }
  },
  {
    "model": "erp.model",
    "pk": 93,
    "fields": {
      "name": "YOGA 520-14IKB",
      "brand": 4,
      "is_active": "1"
    }
  },
  {
    "model": "erp.model",
    "pk": 94,
    "fields": {
      "name": "YOGA C740",
      "brand": 4,
      "is_active": "1"
    }
  },
  {
    "model": "erp.model",
    "pk": 95,
    "fields": {
      "name": "Z50-70",
      "brand": 4,
      "is_active": "1"
    }
  },
  {
    "model": "erp.model",
    "pk": 96,
    "fields": {
      "name": "SATELLITE E55T-A5320",
      "brand": 5,
      "is_active": "1"
    }
  },
  {
    "model": "erp.model",
    "pk": 97,
    "fields": {
      "name": "5Z980-G",
      "brand": 6,
      "is_active": "1"
    }
  },
  {
    "model": "erp.model",
    "pk": 98,
    "fields": {
      "name": "14Z980-G",
      "brand": 6,
      "is_active": "1"
    }
  },
  {
    "model": "erp.model",
    "pk": 99,
    "fields": {
      "name": "DDR3",
      "brand": 7,
      "is_active": "1"
    }
  },
  {
    "model": "erp.model",
    "pk": 100,
    "fields": {
      "name": "DDR3L",
      "brand": 7,
      "is_active": "1"
    }
  },
  {
    "model": "erp.model",
    "pk": 101,
    "fields": {
      "name": "DDR4",
      "brand": 7,
      "is_active": "1"
    }
  },
  {
    "model": "erp.model",
    "pk": 102,
    "fields": {
      "name": "MAC MINI",
      "brand": 8,
      "is_active": "1"
    }
  },
  {
    "model": "erp.model",
    "pk": 103,
    "fields": {
      "name": "IMAC",
      "brand": 8,
      "is_active": "1"
    }
  },
  {
    "model": "erp.model",
    "pk": 104,
    "fields": {
      "name": "GENERICO",
      "brand": 9,
      "is_active": "1"
    }
  },
  {
    "model": "erp.model",
    "pk": 105,
    "fields": {
      "name": "SSD",
      "brand": 10,
      "is_active": "1"
    }
  },
  {
    "model": "erp.model",
    "pk": 106,
    "fields": {
      "name": "HDD",
      "brand": 10,
      "is_active": "1"
    }
  },
  {
    "model": "erp.model",
    "pk": 107,
    "fields": {
      "name": "ELITEDESK 800 G1",
      "brand": 11,
      "is_active": "1"
    }
  },
  {
    "model": "erp.model",
    "pk": 108,
    "fields": {
      "name": "PRODESK 800 G1",
      "brand": 11,
      "is_active": "1"
    }
  },
  {
    "model": "erp.model",
    "pk": 109,
    "fields": {
      "name": "ELITEDESK 600 G1",
      "brand": 11,
      "is_active": "1"
    }
  },
  {
    "model": "erp.model",
    "pk": 110,
    "fields": {
      "name": "PRODESK 600 G1",
      "brand": 11,
      "is_active": "1"
    }
  },
  {
    "model": "erp.model",
    "pk": 111,
    "fields": {
      "name": "COMPAQ PRO 6300",
      "brand": 11,
      "is_active": "1"
    }
  },
  {
    "model": "erp.model",
    "pk": 112,
    "fields": {
      "name": "280 G3",
      "brand": 11,
      "is_active": "1"
    }
  },
  {
    "model": "erp.model",
    "pk": 113,
    "fields": {
      "name": "6000 G5",
      "brand": 11,
      "is_active": "1"
    }
  },
  {
    "model": "erp.model",
    "pk": 114,
    "fields": {
      "name": "PROLIANT ML110",
      "brand": 11,
      "is_active": "1"
    }
  },
  {
    "model": "erp.model",
    "pk": 115,
    "fields": {
      "name": "RX5700-8G",
      "brand": 11,
      "is_active": "1"
    }
  },
  {
    "model": "erp.model",
    "pk": 116,
    "fields": {
      "name": "OPTIPLEX",
      "brand": 12,
      "is_active": "1"
    }
  },
  {
    "model": "erp.model",
    "pk": 117,
    "fields": {
      "name": "OPTIPLEX 7060",
      "brand": 12,
      "is_active": "1"
    }
  },
  {
    "model": "erp.model",
    "pk": 118,
    "fields": {
      "name": "GEFORCE GTX 1660 SUPER",
      "brand": 12,
      "is_active": "1"
    }
  },
  {
    "model": "erp.model",
    "pk": 119,
    "fields": {
      "name": "GEFORCE RTX 2080 SUPER",
      "brand": 12,
      "is_active": "1"
    }
  },
  {
    "model": "erp.model",
    "pk": 120,
    "fields": {
      "name": "GEFORCE RTX 2070 SUPER",
      "brand": 12,
      "is_active": "1"
    }
  },
  {
    "model": "erp.model",
    "pk": 121,
    "fields": {
      "name": "Windows 7 Professional",
      "brand": 13,
      "is_active": "1"
    }
  },
  {
    "model": "erp.model",
    "pk": 122,
    "fields": {
      "name": "Windows 10 Professional",
      "brand": 13,
      "is_active": "1"
    }
  },
  {
    "model": "erp.model",
    "pk": 123,
    "fields": {
      "name": "Windows 8.1 Professional",
      "brand": 13,
      "is_active": "1"
    }
  },
  {
    "model": "erp.model",
    "pk": 124,
    "fields": {
      "name": "Office 2010 Hogar y Peque\u00f1a empresa",
      "brand": 14,
      "is_active": "1"
    }
  },
  {
    "model": "erp.model",
    "pk": 125,
    "fields": {
      "name": "Office 2010 Standard",
      "brand": 14,
      "is_active": "1"
    }
  },
  {
    "model": "erp.model",
    "pk": 126,
    "fields": {
      "name": "Office 2016 Hogar y peque\u00f1a empresa",
      "brand": 14,
      "is_active": "1"
    }
  },
  {
    "model": "erp.model",
    "pk": 127,
    "fields": {
      "name": "IDEACENTRE 520",
      "brand": 15,
      "is_active": "1"
    }
  },
  {
    "model": "erp.model",
    "pk": 128,
    "fields": {
      "name": "IDEACENTRE A340",
      "brand": 15,
      "is_active": "1"
    }
  },
  {
    "model": "erp.model",
    "pk": 129,
    "fields": {
      "name": "INDIVIDUAL",
      "brand": 15,
      "is_active": "1"
    }
  },
  {
    "model": "erp.model",
    "pk": 130,
    "fields": {
      "name": "IPAD MW742LZ/A",
      "brand": 16,
      "is_active": "1"
    }
  },
  {
    "model": "erp.model",
    "pk": 131,
    "fields": {
      "name": "IPAD PRO 11",
      "brand": 16,
      "is_active": "1"
    }
  },
  {
    "model": "erp.model",
    "pk": 132,
    "fields": {
      "name": "PARENTAL CONTROL",
      "brand": 38,
      "is_active": "1"
    }
  },
  {
    "model": "erp.model",
    "pk": 133,
    "fields": {
      "name": "ESET SMART SECURITY 12",
      "brand": 38,
      "is_active": "1"
    }
  },
  {
    "model": "erp.model",
    "pk": 134,
    "fields": {
      "name": "PRIME PR7545",
      "brand": 17,
      "is_active": "1"
    }
  },
  {
    "model": "erp.model",
    "pk": 135,
    "fields": {
      "name": "AVAST PREMIUM",
      "brand": 38,
      "is_active": "1"
    }
  },
  {
    "model": "erp.model",
    "pk": 136,
    "fields": {
      "name": "YOGA TAB 3",
      "brand": 18,
      "is_active": "1"
    }
  },
  {
    "model": "erp.model",
    "pk": 137,
    "fields": {
      "name": "TAB E7 TB-7104F",
      "brand": 18,
      "is_active": "1"
    }
  },
  {
    "model": "erp.model",
    "pk": 138,
    "fields": {
      "name": "KORAL 7M4",
      "brand": 19,
      "is_active": "1"
    }
  },
  {
    "model": "erp.model",
    "pk": 139,
    "fields": {
      "name": "8QLZW2",
      "brand": 20,
      "is_active": "1"
    }
  },
  {
    "model": "erp.model",
    "pk": 140,
    "fields": {
      "name": "DXB06W2",
      "brand": 20,
      "is_active": "1"
    }
  },
  {
    "model": "erp.model",
    "pk": 141,
    "fields": {
      "name": "E2014HC",
      "brand": 20,
      "is_active": "1"
    }
  },
  {
    "model": "erp.model",
    "pk": 142,
    "fields": {
      "name": "V130",
      "brand": 21,
      "is_active": "1"
    }
  },
  {
    "model": "erp.model",
    "pk": 143,
    "fields": {
      "name": "E221",
      "brand": 21,
      "is_active": "1"
    }
  },
  {
    "model": "erp.model",
    "pk": 144,
    "fields": {
      "name": "E2051T",
      "brand": 22,
      "is_active": "1"
    }
  },
  {
    "model": "erp.model",
    "pk": 145,
    "fields": {
      "name": "E1951S",
      "brand": 22,
      "is_active": "1"
    }
  },
  {
    "model": "erp.model",
    "pk": 146,
    "fields": {
      "name": "22M38",
      "brand": 22,
      "is_active": "1"
    }
  },
  {
    "model": "erp.model",
    "pk": 147,
    "fields": {
      "name": "22M38H",
      "brand": 22,
      "is_active": "1"
    }
  },
  {
    "model": "erp.model",
    "pk": 148,
    "fields": {
      "name": "24MK430H-B",
      "brand": 22,
      "is_active": "1"
    }
  },
  {
    "model": "erp.model",
    "pk": 149,
    "fields": {
      "name": "19M38A",
      "brand": 22,
      "is_active": "1"
    }
  },
  {
    "model": "erp.model",
    "pk": 150,
    "fields": {
      "name": "MK430H",
      "brand": 22,
      "is_active": "1"
    }
  },
  {
    "model": "erp.model",
    "pk": 151,
    "fields": {
      "name": "27MK600",
      "brand": 22,
      "is_active": "1"
    }
  },
  {
    "model": "erp.model",
    "pk": 152,
    "fields": {
      "name": "27MK601",
      "brand": 22,
      "is_active": "1"
    }
  },
  {
    "model": "erp.model",
    "pk": 153,
    "fields": {
      "name": "27MK602",
      "brand": 22,
      "is_active": "1"
    }
  },
  {
    "model": "erp.model",
    "pk": 154,
    "fields": {
      "name": "28LX430B",
      "brand": 22,
      "is_active": "1"
    }
  },
  {
    "model": "erp.model",
    "pk": 155,
    "fields": {
      "name": "22MK400H",
      "brand": 22,
      "is_active": "1"
    }
  },
  {
    "model": "erp.model",
    "pk": 156,
    "fields": {
      "name": "27MP59G",
      "brand": 22,
      "is_active": "1"
    }
  },
  {
    "model": "erp.model",
    "pk": 157,
    "fields": {
      "name": "254M58",
      "brand": 22,
      "is_active": "1"
    }
  },
  {
    "model": "erp.model",
    "pk": 158,
    "fields": {
      "name": "27MK600M-B",
      "brand": 22,
      "is_active": "1"
    }
  },
  {
    "model": "erp.model",
    "pk": 159,
    "fields": {
      "name": "E2270S",
      "brand": 23,
      "is_active": "1"
    }
  },
  {
    "model": "erp.model",
    "pk": 160,
    "fields": {
      "name": "VA1901-A",
      "brand": 24,
      "is_active": "1"
    }
  },
  {
    "model": "erp.model",
    "pk": 161,
    "fields": {
      "name": "LASERJET P2055DN",
      "brand": 28,
      "is_active": "1"
    }
  },
  {
    "model": "erp.model",
    "pk": 162,
    "fields": {
      "name": " LASERJET M277DW",
      "brand": 28,
      "is_active": "1"
    }
  },
  {
    "model": "erp.model",
    "pk": 163,
    "fields": {
      "name": "LASERJET PRO MFP M130FW",
      "brand": 28,
      "is_active": "1"
    }
  },
  {
    "model": "erp.model",
    "pk": 164,
    "fields": {
      "name": "LASERJET  PRO MFP M176 COLOR",
      "brand": 28,
      "is_active": "1"
    }
  },
  {
    "model": "erp.model",
    "pk": 165,
    "fields": {
      "name": "OFFICEJET PRO 7720",
      "brand": 28,
      "is_active": "1"
    }
  },
  {
    "model": "erp.model",
    "pk": 166,
    "fields": {
      "name": "DESKJET 2135",
      "brand": 28,
      "is_active": "1"
    }
  },
  {
    "model": "erp.model",
    "pk": 167,
    "fields": {
      "name": "DESKJET 3785",
      "brand": 28,
      "is_active": "1"
    }
  },
  {
    "model": "erp.model",
    "pk": 168,
    "fields": {
      "name": "COREI3",
      "brand": 34,
      "is_active": "1"
    }
  },
  {
    "model": "erp.model",
    "pk": 169,
    "fields": {
      "name": "COREI5",
      "brand": 34,
      "is_active": "1"
    }
  },
  {
    "model": "erp.model",
    "pk": 170,
    "fields": {
      "name": "COREI7",
      "brand": 34,
      "is_active": "1"
    }
  },
  {
    "model": "erp.model",
    "pk": 171,
    "fields": {
      "name": "COREI9",
      "brand": 34,
      "is_active": "1"
    }
  },
  {
    "model": "erp.model",
    "pk": 172,
    "fields": {
      "name": "XEON",
      "brand": 35,
      "is_active": "1"
    }
  },
  {
    "model": "erp.model",
    "pk": 173,
    "fields": {
      "name": "VIDEO GENERICO",
      "brand": 41,
      "is_active": "1"
    }
  },
  {
    "model": "erp.model",
    "pk": 174,
    "fields": {
      "name": "OFFICE 2019",
      "brand": 14,
      "is_active": "1"
    }
  },
  {
    "model": "erp.model",
    "pk": 175,
    "fields": {
      "name": "Office 2019 H&B",
      "brand": 14,
      "is_active": "1"
    }
  },
  {
    "model": "erp.model",
    "pk": 176,
    "fields": {
      "name": "Office 365 Bussines",
      "brand": 14,
      "is_active": "1"
    }
  },
  {
    "model": "erp.model",
    "pk": 177,
    "fields": {
      "name": "Office 365 Bussines Premium",
      "brand": 14,
      "is_active": "1"
    }
  },
  {
    "model": "erp.model",
    "pk": 178,
    "fields": {
      "name": "15-DK0001LA",
      "brand": 3,
      "is_active": "1"
    }
  },
  {
    "model": "erp.model",
    "pk": 179,
    "fields": {
      "name": "Thinkpad T15",
      "brand": 4,
      "is_active": "1"
    }
  },
  {
    "model": "erp.model",
    "pk": 180,
    "fields": {
      "name": "ThinkPad E15",
      "brand": 4,
      "is_active": "1"
    }
  },
  {
    "model": "erp.model",
    "pk": 181,
    "fields": {
      "name": "MacOS High Sierra",
      "brand": 13,
      "is_active": "1"
    }
  },
  {
    "model": "erp.model",
    "pk": 182,
    "fields": {
      "name": "MacOS Mojave",
      "brand": 13,
      "is_active": "1"
    }
  },
  {
    "model": "erp.model",
    "pk": 183,
    "fields": {
      "name": "MacOS Catalina",
      "brand": 13,
      "is_active": "1"
    }
  },
  {
    "model": "erp.model",
    "pk": 184,
    "fields": {
      "name": "HP 15-DA2006LA",
      "brand": 3,
      "is_active": "1"
    }
  },
  {
    "model": "erp.model",
    "pk": 185,
    "fields": {
      "name": "ThinkPad L14",
      "brand": 4,
      "is_active": "1"
    }
  },
  {
    "model": "erp.model",
    "pk": 186,
    "fields": {
      "name": "ThinkPad T590",
      "brand": 4,
      "is_active": "1"
    }
  },
  {
    "model": "erp.model",
    "pk": 187,
    "fields": {
      "name": "LATITUDE 7410",
      "brand": 2,
      "is_active": "1"
    }
  },
  {
    "model": "erp.model",
    "pk": 188,
    "fields": {
      "name": "XPS 13 7390",
      "brand": 2,
      "is_active": "1"
    }
  },
  {
    "model": "erp.model",
    "pk": 189,
    "fields": {
      "name": "INSPIRON 5406",
      "brand": 2,
      "is_active": "1"
    }
  },
  {
    "model": "erp.model",
    "pk": 190,
    "fields": {
      "name": "LATITUDE 5410",
      "brand": 2,
      "is_active": "1"
    }
  },
  {
    "model": "erp.model",
    "pk": 191,
    "fields": {
      "name": "INSPIRON 5502",
      "brand": 2,
      "is_active": "1"
    }
  },
  {
    "model": "erp.model",
    "pk": 192,
    "fields": {
      "name": "14-CE3006LA",
      "brand": 3,
      "is_active": "1"
    }
  },
  {
    "model": "erp.model",
    "pk": 193,
    "fields": {
      "name": "MCAFEE ANTIVIRUS",
      "brand": 38,
      "is_active": "1"
    }
  },
  {
    "model": "erp.model",
    "pk": 194,
    "fields": {
      "name": "LATITUDE 3410",
      "brand": 2,
      "is_active": "1"
    }
  },
  {
    "model": "erp.model",
    "pk": 195,
    "fields": {
      "name": "THINKPAD T14",
      "brand": 4,
      "is_active": "1"
    }
  },
  {
    "model": "erp.model",
    "pk": 196,
    "fields": {
      "name": "THINKPAD X1 YOGA",
      "brand": 4,
      "is_active": "1"
    }
  },
  {
    "model": "erp.model",
    "pk": 197,
    "fields": {
      "name": "M1",
      "brand": 42,
      "is_active": "1"
    }
  },
  {
    "model": "erp.model",
    "pk": 198,
    "fields": {
      "name": "INSPIRON 5301",
      "brand": 2,
      "is_active": "1"
    }
  },
  {
    "model": "erp.videocapacity",
    "pk": 1,
    "fields": {
      "name": 2,
      "is_active": "1"
    }
  },
  {
    "model": "erp.videocapacity",
    "pk": 2,
    "fields": {
      "name": 3,
      "is_active": "1"
    }
  },
  {
    "model": "erp.videocapacity",
    "pk": 3,
    "fields": {
      "name": 4,
      "is_active": "1"
    }
  },
  {
    "model": "erp.videocapacity",
    "pk": 4,
    "fields": {
      "name": 6,
      "is_active": "1"
    }
  },
  {
    "model": "erp.videocapacity",
    "pk": 5,
    "fields": {
      "name": 8,
      "is_active": "1"
    }
  },
  {
    "model": "erp.videotype",
    "pk": 1,
    "fields": {
      "name": "Interno",
      "is_active": "1"
    }
  },
  {
    "model": "erp.videotype",
    "pk": 2,
    "fields": {
      "name": "Externo",
      "is_active": "1"
    }
  },
  {
    "model": "erp.memorycapacity",
    "pk": 1,
    "fields": {
      "name": 2,
      "is_active": "1"
    }
  },
  {
    "model": "erp.memorycapacity",
    "pk": 2,
    "fields": {
      "name": 4,
      "is_active": "1"
    }
  },
  {
    "model": "erp.memorycapacity",
    "pk": 3,
    "fields": {
      "name": 8,
      "is_active": "1"
    }
  },
  {
    "model": "erp.memorycapacity",
    "pk": 4,
    "fields": {
      "name": 16,
      "is_active": "1"
    }
  },
  {
    "model": "erp.memorycapacity",
    "pk": 5,
    "fields": {
      "name": 32,
      "is_active": "1"
    }
  },
  {
    "model": "erp.memorycapacity",
    "pk": 6,
    "fields": {
      "name": 64,
      "is_active": "1"
    }
  },
  {
    "model": "erp.memorycapacity",
    "pk": 7,
    "fields": {
      "name": 128,
      "is_active": "1"
    }
  },
  {
    "model": "erp.memorytype",
    "pk": 1,
    "fields": {
      "name": "DIMM",
      "is_active": "1"
    }
  },
  {
    "model": "erp.memorytype",
    "pk": 2,
    "fields": {
      "name": "SODIMM",
      "is_active": "1"
    }
  },
  {
    "model": "erp.harddiskcapacity",
    "pk": 1,
    "fields": {
      "name": 120,
      "is_active": "1"
    }
  },
  {
    "model": "erp.harddiskcapacity",
    "pk": 2,
    "fields": {
      "name": 128,
      "is_active": "1"
    }
  },
  {
    "model": "erp.harddiskcapacity",
    "pk": 3,
    "fields": {
      "name": 180,
      "is_active": "1"
    }
  },
  {
    "model": "erp.harddiskcapacity",
    "pk": 4,
    "fields": {
      "name": 240,
      "is_active": "1"
    }
  },
  {
    "model": "erp.harddiskcapacity",
    "pk": 5,
    "fields": {
      "name": 250,
      "is_active": "1"
    }
  },
  {
    "model": "erp.harddiskcapacity",
    "pk": 6,
    "fields": {
      "name": 256,
      "is_active": "1"
    }
  },
  {
    "model": "erp.harddiskcapacity",
    "pk": 7,
    "fields": {
      "name": 320,
      "is_active": "1"
    }
  },
  {
    "model": "erp.harddiskcapacity",
    "pk": 8,
    "fields": {
      "name": 480,
      "is_active": "1"
    }
  },
  {
    "model": "erp.harddiskcapacity",
    "pk": 9,
    "fields": {
      "name": 500,
      "is_active": "1"
    }
  },
  {
    "model": "erp.harddiskcapacity",
    "pk": 10,
    "fields": {
      "name": 512,
      "is_active": "1"
    }
  },
  {
    "model": "erp.harddiskcapacity",
    "pk": 11,
    "fields": {
      "name": 750,
      "is_active": "1"
    }
  },
  {
    "model": "erp.harddiskcapacity",
    "pk": 12,
    "fields": {
      "name": 960,
      "is_active": "1"
    }
  },
  {
    "model": "erp.harddiskcapacity",
    "pk": 13,
    "fields": {
      "name": 1000,
      "is_active": "1"
    }
  },
  {
    "model": "erp.harddiskcapacity",
    "pk": 14,
    "fields": {
      "name": 2000,
      "is_active": "1"
    }
  },
  {
    "model": "erp.harddisksize",
    "pk": 1,
    "fields": {
      "name": "2.5",
      "is_active": "1"
    }
  },
  {
    "model": "erp.processorgeneration",
    "pk": 1,
    "fields": {
      "name": 2,
      "is_active": "1"
    }
  },
  {
    "model": "erp.processorgeneration",
    "pk": 2,
    "fields": {
      "name": 3,
      "is_active": "1"
    }
  },
  {
    "model": "erp.processorgeneration",
    "pk": 3,
    "fields": {
      "name": 4,
      "is_active": "1"
    }
  },
  {
    "model": "erp.processorgeneration",
    "pk": 4,
    "fields": {
      "name": 5,
      "is_active": "1"
    }
  },
  {
    "model": "erp.processorgeneration",
    "pk": 5,
    "fields": {
      "name": 6,
      "is_active": "1"
    }
  },
  {
    "model": "erp.processorgeneration",
    "pk": 6,
    "fields": {
      "name": 7,
      "is_active": "1"
    }
  },
  {
    "model": "erp.processorgeneration",
    "pk": 7,
    "fields": {
      "name": 8,
      "is_active": "1"
    }
  },
  {
    "model": "erp.processorgeneration",
    "pk": 8,
    "fields": {
      "name": 9,
      "is_active": "1"
    }
  },
  {
    "model": "erp.processorgeneration",
    "pk": 9,
    "fields": {
      "name": 10,
      "is_active": "1"
    }
  },
  {
    "model": "erp.processorgeneration",
    "pk": 10,
    "fields": {
      "name": 11,
      "is_active": "1"
    }
  },
  {
    "model": "erp.processorspeed",
    "pk": 1,
    "fields": {
      "name": 1.0,
      "is_active": "1"
    }
  },
  {
    "model": "erp.processorspeedmax",
    "pk": 1,
    "fields": {
      "name": 1.0,
      "is_active": "1"
    }
  },
  {
    "model": "erp.video",
    "pk": 1,
    "fields": {
      "code": "VID-1",
      "model": 173,
      "capacity": 1,
      "type": 1,
      "amount": 1,
      "location": "ALMACEN",
      "observation": "",
      "is_active": "1"
    }
  },
  {
    "model": "erp.video",
    "pk": 2,
    "fields": {
      "code": "VID-2",
      "model": 173,
      "capacity": 1,
      "type": 2,
      "amount": 1,
      "location": "ALMACEN",
      "observation": "",
      "is_active": "1"
    }
  },
  {
    "model": "erp.video",
    "pk": 3,
    "fields": {
      "code": "VID-3",
      "model": 173,
      "capacity": 2,
      "type": 1,
      "amount": 1,
      "location": "ALMACEN",
      "observation": "",
      "is_active": "1"
    }
  },
  {
    "model": "erp.video",
    "pk": 4,
    "fields": {
      "code": "VID-4",
      "model": 173,
      "capacity": 2,
      "type": 2,
      "amount": 1,
      "location": "ALMACEN",
      "observation": "",
      "is_active": "1"
    }
  },
  {
    "model": "erp.video",
    "pk": 5,
    "fields": {
      "code": "VID-5",
      "model": 173,
      "capacity": 3,
      "type": 1,
      "amount": 1,
      "location": "ALMACEN",
      "observation": "",
      "is_active": "1"
    }
  },
  {
    "model": "erp.video",
    "pk": 6,
    "fields": {
      "code": "VID-6",
      "model": 173,
      "capacity": 3,
      "type": 2,
      "amount": 1,
      "location": "ALMACEN",
      "observation": "",
      "is_active": "1"
    }
  },
  {
    "model": "erp.video",
    "pk": 7,
    "fields": {
      "code": "VID-7",
      "model": 173,
      "capacity": 4,
      "type": 1,
      "amount": 1,
      "location": "ALMACEN",
      "observation": "",
      "is_active": "1"
    }
  },
  {
    "model": "erp.video",
    "pk": 8,
    "fields": {
      "code": "VID-8",
      "model": 173,
      "capacity": 4,
      "type": 2,
      "amount": 1,
      "location": "ALMACEN",
      "observation": "",
      "is_active": "1"
    }
  },
  {
    "model": "erp.memory",
    "pk": 1,
    "fields": {
      "code": "MEM-1",
      "model": 99,
      "capacity": 1,
      "type": 2,
      "amount": 0,
      "location": "ALMACEN",
      "observation": "",
      "is_active": "1"
    }
  },
  {
    "model": "erp.memory",
    "pk": 2,
    "fields": {
      "code": "MEM-2",
      "model": 99,
      "capacity": 2,
      "type": 2,
      "amount": 0,
      "location": "ALMACEN",
      "observation": "",
      "is_active": "1"
    }
  },
  {
    "model": "erp.memory",
    "pk": 3,
    "fields": {
      "code": "MEM-3",
      "model": 99,
      "capacity": 3,
      "type": 2,
      "amount": 0,
      "location": "ALMACEN",
      "observation": "",
      "is_active": "1"
    }
  },
  {
    "model": "erp.memory",
    "pk": 4,
    "fields": {
      "code": "MEM-4",
      "model": 99,
      "capacity": 4,
      "type": 2,
      "amount": 0,
      "location": "ALMACEN",
      "observation": "",
      "is_active": "1"
    }
  },
  {
    "model": "erp.memory",
    "pk": 5,
    "fields": {
      "code": "MEM-5",
      "model": 100,
      "capacity": 1,
      "type": 2,
      "amount": 0,
      "location": "ALMACEN",
      "observation": "",
      "is_active": "1"
    }
  },
  {
    "model": "erp.memory",
    "pk": 6,
    "fields": {
      "code": "MEM-6",
      "model": 100,
      "capacity": 2,
      "type": 2,
      "amount": 0,
      "location": "ALMACEN",
      "observation": "",
      "is_active": "1"
    }
  },
  {
    "model": "erp.memory",
    "pk": 7,
    "fields": {
      "code": "MEM-7",
      "model": 100,
      "capacity": 3,
      "type": 2,
      "amount": 0,
      "location": "ALMACEN",
      "observation": "",
      "is_active": "1"
    }
  },
  {
    "model": "erp.memory",
    "pk": 8,
    "fields": {
      "code": "MEM-8",
      "model": 100,
      "capacity": 4,
      "type": 2,
      "amount": 0,
      "location": "ALMACEN",
      "observation": "",
      "is_active": "1"
    }
  },
  {
    "model": "erp.memory",
    "pk": 9,
    "fields": {
      "code": "MEM-9",
      "model": 101,
      "capacity": 1,
      "type": 2,
      "amount": 0,
      "location": "ALMACEN",
      "observation": "",
      "is_active": "1"
    }
  },
  {
    "model": "erp.memory",
    "pk": 10,
    "fields": {
      "code": "MEM-10",
      "model": 101,
      "capacity": 2,
      "type": 2,
      "amount": 1,
      "location": "ALMACEN",
      "observation": "",
      "is_active": "1"
    }
  },
  {
    "model": "erp.memory",
    "pk": 11,
    "fields": {
      "code": "MEM-11",
      "model": 101,
      "capacity": 3,
      "type": 2,
      "amount": 0,
      "location": "ALMACEN",
      "observation": "",
      "is_active": "1"
    }
  },
  {
    "model": "erp.memory",
    "pk": 12,
    "fields": {
      "code": "MEM-12",
      "model": 101,
      "capacity": 4,
      "type": 2,
      "amount": 0,
      "location": "ALMACEN",
      "observation": "",
      "is_active": "1"
    }
  },
  {
    "model": "erp.memory",
    "pk": 13,
    "fields": {
      "code": "MEM-13",
      "model": 99,
      "capacity": 5,
      "type": 2,
      "amount": 0,
      "location": "ALMACEN",
      "observation": "",
      "is_active": "1"
    }
  },
  {
    "model": "erp.memory",
    "pk": 14,
    "fields": {
      "code": "MEM-14",
      "model": 100,
      "capacity": 5,
      "type": 2,
      "amount": 0,
      "location": "ALMACEN",
      "observation": "",
      "is_active": "1"
    }
  },
  {
    "model": "erp.memory",
    "pk": 15,
    "fields": {
      "code": "MEM-15",
      "model": 101,
      "capacity": 5,
      "type": 2,
      "amount": 0,
      "location": "ALMACEN",
      "observation": "",
      "is_active": "1"
    }
  },
  {
    "model": "erp.harddisk",
    "pk": 1,
    "fields": {
      "code": "DIS-1",
      "model": 105,
      "size": 1,
      "capacity": 1,
      "amount": 0,
      "location": "ALMACEN",
      "observation": "",
      "is_active": "1"
    }
  },
  {
    "model": "erp.harddisk",
    "pk": 2,
    "fields": {
      "code": "DIS-2",
      "model": 105,
      "size": 1,
      "capacity": 2,
      "amount": 0,
      "location": "ALMACEN",
      "observation": "",
      "is_active": "1"
    }
  },
  {
    "model": "erp.harddisk",
    "pk": 3,
    "fields": {
      "code": "DIS-3",
      "model": 105,
      "size": 1,
      "capacity": 3,
      "amount": 0,
      "location": "ALMACEN",
      "observation": "",
      "is_active": "1"
    }
  },
  {
    "model": "erp.harddisk",
    "pk": 4,
    "fields": {
      "code": "DIS-4",
      "model": 105,
      "size": 1,
      "capacity": 4,
      "amount": 0,
      "location": "ALMACEN",
      "observation": "",
      "is_active": "1"
    }
  },
  {
    "model": "erp.harddisk",
    "pk": 5,
    "fields": {
      "code": "DIS-5",
      "model": 105,
      "size": 1,
      "capacity": 5,
      "amount": 0,
      "location": "ALMACEN",
      "observation": "",
      "is_active": "1"
    }
  },
  {
    "model": "erp.harddisk",
    "pk": 6,
    "fields": {
      "code": "DIS-6",
      "model": 105,
      "size": 1,
      "capacity": 6,
      "amount": 0,
      "location": "ALMACEN",
      "observation": "",
      "is_active": "1"
    }
  },
  {
    "model": "erp.harddisk",
    "pk": 7,
    "fields": {
      "code": "DIS-7",
      "model": 105,
      "size": 1,
      "capacity": 7,
      "amount": 0,
      "location": "ALMACEN",
      "observation": "",
      "is_active": "1"
    }
  },
  {
    "model": "erp.harddisk",
    "pk": 8,
    "fields": {
      "code": "DIS-8",
      "model": 105,
      "size": 1,
      "capacity": 8,
      "amount": 0,
      "location": "ALMACEN",
      "observation": "",
      "is_active": "1"
    }
  },
  {
    "model": "erp.harddisk",
    "pk": 9,
    "fields": {
      "code": "DIS-9",
      "model": 105,
      "size": 1,
      "capacity": 9,
      "amount": 0,
      "location": "ALMACEN",
      "observation": "",
      "is_active": "1"
    }
  },
  {
    "model": "erp.harddisk",
    "pk": 10,
    "fields": {
      "code": "DIS-10",
      "model": 105,
      "size": 1,
      "capacity": 10,
      "amount": 0,
      "location": "ALMACEN",
      "observation": "",
      "is_active": "1"
    }
  },
  {
    "model": "erp.harddisk",
    "pk": 11,
    "fields": {
      "code": "DIS-11",
      "model": 105,
      "size": 1,
      "capacity": 11,
      "amount": 0,
      "location": "ALMACEN",
      "observation": "",
      "is_active": "1"
    }
  },
  {
    "model": "erp.harddisk",
    "pk": 12,
    "fields": {
      "code": "DIS-12",
      "model": 105,
      "size": 1,
      "capacity": 12,
      "amount": 0,
      "location": "ALMACEN",
      "observation": "",
      "is_active": "1"
    }
  },
  {
    "model": "erp.harddisk",
    "pk": 13,
    "fields": {
      "code": "DIS-13",
      "model": 105,
      "size": 1,
      "capacity": 13,
      "amount": 0,
      "location": "ALMACEN",
      "observation": "",
      "is_active": "1"
    }
  },
  {
    "model": "erp.harddisk",
    "pk": 14,
    "fields": {
      "code": "DIS-14",
      "model": 105,
      "size": 1,
      "capacity": 14,
      "amount": 0,
      "location": "ALMACEN",
      "observation": "",
      "is_active": "1"
    }
  },
  {
    "model": "erp.harddisk",
    "pk": 15,
    "fields": {
      "code": "DIS-15",
      "model": 106,
      "size": 1,
      "capacity": 1,
      "amount": 0,
      "location": "ALMACEN",
      "observation": "",
      "is_active": "1"
    }
  },
  {
    "model": "erp.harddisk",
    "pk": 16,
    "fields": {
      "code": "DIS-16",
      "model": 106,
      "size": 1,
      "capacity": 2,
      "amount": 0,
      "location": "ALMACEN",
      "observation": "",
      "is_active": "1"
    }
  },
  {
    "model": "erp.harddisk",
    "pk": 17,
    "fields": {
      "code": "DIS-17",
      "model": 106,
      "size": 1,
      "capacity": 3,
      "amount": 0,
      "location": "ALMACEN",
      "observation": "",
      "is_active": "1"
    }
  },
  {
    "model": "erp.harddisk",
    "pk": 18,
    "fields": {
      "code": "DIS-18",
      "model": 106,
      "size": 1,
      "capacity": 4,
      "amount": 0,
      "location": "ALMACEN",
      "observation": "",
      "is_active": "1"
    }
  },
  {
    "model": "erp.harddisk",
    "pk": 19,
    "fields": {
      "code": "DIS-19",
      "model": 106,
      "size": 1,
      "capacity": 5,
      "amount": 0,
      "location": "ALMACEN",
      "observation": "",
      "is_active": "1"
    }
  },
  {
    "model": "erp.harddisk",
    "pk": 20,
    "fields": {
      "code": "DIS-20",
      "model": 106,
      "size": 1,
      "capacity": 6,
      "amount": 0,
      "location": "ALMACEN",
      "observation": "",
      "is_active": "1"
    }
  },
  {
    "model": "erp.harddisk",
    "pk": 21,
    "fields": {
      "code": "DIS-21",
      "model": 106,
      "size": 1,
      "capacity": 7,
      "amount": 0,
      "location": "ALMACEN",
      "observation": "",
      "is_active": "1"
    }
  },
  {
    "model": "erp.harddisk",
    "pk": 22,
    "fields": {
      "code": "DIS-22",
      "model": 106,
      "size": 1,
      "capacity": 8,
      "amount": 0,
      "location": "ALMACEN",
      "observation": "",
      "is_active": "1"
    }
  },
  {
    "model": "erp.harddisk",
    "pk": 23,
    "fields": {
      "code": "DIS-23",
      "model": 106,
      "size": 1,
      "capacity": 9,
      "amount": 0,
      "location": "ALMACEN",
      "observation": "",
      "is_active": "1"
    }
  },
  {
    "model": "erp.harddisk",
    "pk": 24,
    "fields": {
      "code": "DIS-24",
      "model": 106,
      "size": 1,
      "capacity": 10,
      "amount": 0,
      "location": "ALMACEN",
      "observation": "",
      "is_active": "1"
    }
  },
  {
    "model": "erp.harddisk",
    "pk": 25,
    "fields": {
      "code": "DIS-25",
      "model": 106,
      "size": 1,
      "capacity": 11,
      "amount": 0,
      "location": "ALMACEN",
      "observation": "",
      "is_active": "1"
    }
  },
  {
    "model": "erp.harddisk",
    "pk": 26,
    "fields": {
      "code": "DIS-26",
      "model": 106,
      "size": 1,
      "capacity": 12,
      "amount": 0,
      "location": "ALMACEN",
      "observation": "",
      "is_active": "1"
    }
  },
  {
    "model": "erp.harddisk",
    "pk": 27,
    "fields": {
      "code": "DIS-27",
      "model": 106,
      "size": 1,
      "capacity": 13,
      "amount": 1,
      "location": "ALMACEN",
      "observation": "",
      "is_active": "1"
    }
  },
  {
    "model": "erp.harddisk",
    "pk": 28,
    "fields": {
      "code": "DIS-28",
      "model": 106,
      "size": 1,
      "capacity": 14,
      "amount": 0,
      "location": "ALMACEN",
      "observation": "",
      "is_active": "1"
    }
  },
  {
    "model": "erp.processor",
    "pk": 1,
    "fields": {
      "code": "PRO-1",
      "model": 168,
      "generation": 1,
      "speed": 1,
      "max_speed": 1,
      "observation": "",
      "is_active": "1"
    }
  },
  {
    "model": "erp.processor",
    "pk": 2,
    "fields": {
      "code": "PRO-2",
      "model": 168,
      "generation": 2,
      "speed": 1,
      "max_speed": 1,
      "observation": "",
      "is_active": "1"
    }
  },
  {
    "model": "erp.processor",
    "pk": 3,
    "fields": {
      "code": "PRO-3",
      "model": 168,
      "generation": 3,
      "speed": 1,
      "max_speed": 1,
      "observation": "",
      "is_active": "1"
    }
  },
  {
    "model": "erp.processor",
    "pk": 4,
    "fields": {
      "code": "PRO-4",
      "model": 168,
      "generation": 4,
      "speed": 1,
      "max_speed": 1,
      "observation": "",
      "is_active": "1"
    }
  },
  {
    "model": "erp.processor",
    "pk": 5,
    "fields": {
      "code": "PRO-5",
      "model": 168,
      "generation": 5,
      "speed": 1,
      "max_speed": 1,
      "observation": "",
      "is_active": "1"
    }
  },
  {
    "model": "erp.processor",
    "pk": 6,
    "fields": {
      "code": "PRO-6",
      "model": 168,
      "generation": 6,
      "speed": 1,
      "max_speed": 1,
      "observation": "",
      "is_active": "1"
    }
  },
  {
    "model": "erp.processor",
    "pk": 7,
    "fields": {
      "code": "PRO-7",
      "model": 168,
      "generation": 7,
      "speed": 1,
      "max_speed": 1,
      "observation": "",
      "is_active": "1"
    }
  },
  {
    "model": "erp.processor",
    "pk": 8,
    "fields": {
      "code": "PRO-8",
      "model": 168,
      "generation": 8,
      "speed": 1,
      "max_speed": 1,
      "observation": "",
      "is_active": "1"
    }
  },
  {
    "model": "erp.processor",
    "pk": 9,
    "fields": {
      "code": "PRO-9",
      "model": 168,
      "generation": 9,
      "speed": 1,
      "max_speed": 1,
      "observation": "",
      "is_active": "1"
    }
  },
  {
    "model": "erp.processor",
    "pk": 10,
    "fields": {
      "code": "PRO-10",
      "model": 169,
      "generation": 1,
      "speed": 1,
      "max_speed": 1,
      "observation": "",
      "is_active": "1"
    }
  },
  {
    "model": "erp.processor",
    "pk": 11,
    "fields": {
      "code": "PRO-11",
      "model": 169,
      "generation": 2,
      "speed": 1,
      "max_speed": 1,
      "observation": "",
      "is_active": "1"
    }
  },
  {
    "model": "erp.processor",
    "pk": 12,
    "fields": {
      "code": "PRO-12",
      "model": 169,
      "generation": 3,
      "speed": 1,
      "max_speed": 1,
      "observation": "",
      "is_active": "1"
    }
  },
  {
    "model": "erp.processor",
    "pk": 13,
    "fields": {
      "code": "PRO-13",
      "model": 169,
      "generation": 4,
      "speed": 1,
      "max_speed": 1,
      "observation": "",
      "is_active": "1"
    }
  },
  {
    "model": "erp.processor",
    "pk": 14,
    "fields": {
      "code": "PRO-14",
      "model": 169,
      "generation": 5,
      "speed": 1,
      "max_speed": 1,
      "observation": "",
      "is_active": "1"
    }
  },
  {
    "model": "erp.processor",
    "pk": 15,
    "fields": {
      "code": "PRO-15",
      "model": 169,
      "generation": 6,
      "speed": 1,
      "max_speed": 1,
      "observation": "",
      "is_active": "1"
    }
  },
  {
    "model": "erp.processor",
    "pk": 16,
    "fields": {
      "code": "PRO-16",
      "model": 169,
      "generation": 7,
      "speed": 1,
      "max_speed": 1,
      "observation": "",
      "is_active": "1"
    }
  },
  {
    "model": "erp.processor",
    "pk": 17,
    "fields": {
      "code": "PRO-17",
      "model": 169,
      "generation": 8,
      "speed": 1,
      "max_speed": 1,
      "observation": "",
      "is_active": "1"
    }
  },
  {
    "model": "erp.processor",
    "pk": 18,
    "fields": {
      "code": "PRO-18",
      "model": 169,
      "generation": 9,
      "speed": 1,
      "max_speed": 1,
      "observation": "",
      "is_active": "1"
    }
  },
  {
    "model": "erp.processor",
    "pk": 19,
    "fields": {
      "code": "PRO-19",
      "model": 170,
      "generation": 1,
      "speed": 1,
      "max_speed": 1,
      "observation": "",
      "is_active": "1"
    }
  },
  {
    "model": "erp.processor",
    "pk": 20,
    "fields": {
      "code": "PRO-20",
      "model": 170,
      "generation": 2,
      "speed": 1,
      "max_speed": 1,
      "observation": "",
      "is_active": "1"
    }
  },
  {
    "model": "erp.processor",
    "pk": 21,
    "fields": {
      "code": "PRO-21",
      "model": 170,
      "generation": 3,
      "speed": 1,
      "max_speed": 1,
      "observation": "",
      "is_active": "1"
    }
  },
  {
    "model": "erp.processor",
    "pk": 22,
    "fields": {
      "code": "PRO-22",
      "model": 170,
      "generation": 4,
      "speed": 1,
      "max_speed": 1,
      "observation": "",
      "is_active": "1"
    }
  },
  {
    "model": "erp.processor",
    "pk": 23,
    "fields": {
      "code": "PRO-23",
      "model": 170,
      "generation": 5,
      "speed": 1,
      "max_speed": 1,
      "observation": "",
      "is_active": "1"
    }
  },
  {
    "model": "erp.processor",
    "pk": 24,
    "fields": {
      "code": "PRO-24",
      "model": 170,
      "generation": 6,
      "speed": 1,
      "max_speed": 1,
      "observation": "",
      "is_active": "1"
    }
  },
  {
    "model": "erp.processor",
    "pk": 25,
    "fields": {
      "code": "PRO-25",
      "model": 170,
      "generation": 7,
      "speed": 1,
      "max_speed": 1,
      "observation": "",
      "is_active": "1"
    }
  },
  {
    "model": "erp.processor",
    "pk": 26,
    "fields": {
      "code": "PRO-26",
      "model": 170,
      "generation": 8,
      "speed": 1,
      "max_speed": 1,
      "observation": "",
      "is_active": "1"
    }
  },
  {
    "model": "erp.processor",
    "pk": 27,
    "fields": {
      "code": "PRO-27",
      "model": 170,
      "generation": 9,
      "speed": 1,
      "max_speed": 1,
      "observation": "",
      "is_active": "1"
    }
  },
  {
    "model": "erp.processor",
    "pk": 28,
    "fields": {
      "code": "PRO-28",
      "model": 171,
      "generation": 1,
      "speed": 1,
      "max_speed": 1,
      "observation": "",
      "is_active": "1"
    }
  },
  {
    "model": "erp.processor",
    "pk": 29,
    "fields": {
      "code": "PRO-29",
      "model": 171,
      "generation": 2,
      "speed": 1,
      "max_speed": 1,
      "observation": "",
      "is_active": "1"
    }
  },
  {
    "model": "erp.processor",
    "pk": 30,
    "fields": {
      "code": "PRO-30",
      "model": 171,
      "generation": 3,
      "speed": 1,
      "max_speed": 1,
      "observation": "",
      "is_active": "1"
    }
  },
  {
    "model": "erp.processor",
    "pk": 31,
    "fields": {
      "code": "PRO-31",
      "model": 171,
      "generation": 4,
      "speed": 1,
      "max_speed": 1,
      "observation": "",
      "is_active": "1"
    }
  },
  {
    "model": "erp.processor",
    "pk": 32,
    "fields": {
      "code": "PRO-32",
      "model": 171,
      "generation": 5,
      "speed": 1,
      "max_speed": 1,
      "observation": "",
      "is_active": "1"
    }
  },
  {
    "model": "erp.processor",
    "pk": 33,
    "fields": {
      "code": "PRO-33",
      "model": 171,
      "generation": 6,
      "speed": 1,
      "max_speed": 1,
      "observation": "",
      "is_active": "1"
    }
  },
  {
    "model": "erp.processor",
    "pk": 34,
    "fields": {
      "code": "PRO-34",
      "model": 171,
      "generation": 7,
      "speed": 1,
      "max_speed": 1,
      "observation": "",
      "is_active": "1"
    }
  },
  {
    "model": "erp.processor",
    "pk": 35,
    "fields": {
      "code": "PRO-35",
      "model": 171,
      "generation": 8,
      "speed": 1,
      "max_speed": 1,
      "observation": "",
      "is_active": "1"
    }
  },
  {
    "model": "erp.processor",
    "pk": 36,
    "fields": {
      "code": "PRO-36",
      "model": 171,
      "generation": 9,
      "speed": 1,
      "max_speed": 1,
      "observation": "",
      "is_active": "1"
    }
  },
  {
    "model": "erp.processor",
    "pk": 37,
    "fields": {
      "code": "PRO-37",
      "model": 172,
      "generation": 1,
      "speed": 1,
      "max_speed": 1,
      "observation": "",
      "is_active": "1"
    }
  },
  {
    "model": "erp.processor",
    "pk": 38,
    "fields": {
      "code": "PRO-38",
      "model": 172,
      "generation": 2,
      "speed": 1,
      "max_speed": 1,
      "observation": "",
      "is_active": "1"
    }
  },
  {
    "model": "erp.processor",
    "pk": 39,
    "fields": {
      "code": "PRO-39",
      "model": 172,
      "generation": 3,
      "speed": 1,
      "max_speed": 1,
      "observation": "",
      "is_active": "1"
    }
  },
  {
    "model": "erp.processor",
    "pk": 40,
    "fields": {
      "code": "PRO-40",
      "model": 172,
      "generation": 4,
      "speed": 1,
      "max_speed": 1,
      "observation": "",
      "is_active": "1"
    }
  },
  {
    "model": "erp.processor",
    "pk": 41,
    "fields": {
      "code": "PRO-41",
      "model": 172,
      "generation": 5,
      "speed": 1,
      "max_speed": 1,
      "observation": "",
      "is_active": "1"
    }
  },
  {
    "model": "erp.processor",
    "pk": 42,
    "fields": {
      "code": "PRO-42",
      "model": 172,
      "generation": 6,
      "speed": 1,
      "max_speed": 1,
      "observation": "",
      "is_active": "1"
    }
  },
  {
    "model": "erp.processor",
    "pk": 43,
    "fields": {
      "code": "PRO-43",
      "model": 172,
      "generation": 7,
      "speed": 1,
      "max_speed": 1,
      "observation": "",
      "is_active": "1"
    }
  },
  {
    "model": "erp.processor",
    "pk": 44,
    "fields": {
      "code": "PRO-44",
      "model": 172,
      "generation": 8,
      "speed": 1,
      "max_speed": 1,
      "observation": "",
      "is_active": "1"
    }
  },
  {
    "model": "erp.processor",
    "pk": 45,
    "fields": {
      "code": "PRO-45",
      "model": 172,
      "generation": 9,
      "speed": 1,
      "max_speed": 1,
      "observation": "",
      "is_active": "1"
    }
  },
  {
    "model": "erp.processor",
    "pk": 46,
    "fields": {
      "code": "PRO-46",
      "model": 168,
      "generation": 10,
      "speed": 1,
      "max_speed": 1,
      "observation": "",
      "is_active": "1"
    }
  },
  {
    "model": "erp.processor",
    "pk": 47,
    "fields": {
      "code": "PRO-47",
      "model": 169,
      "generation": 10,
      "speed": 1,
      "max_speed": 1,
      "observation": "",
      "is_active": "1"
    }
  },
  {
    "model": "erp.processor",
    "pk": 48,
    "fields": {
      "code": "PRO-48",
      "model": 170,
      "generation": 10,
      "speed": 1,
      "max_speed": 1,
      "observation": "",
      "is_active": "1"
    }
  },
  {
    "model": "erp.processor",
    "pk": 49,
    "fields": {
      "code": "PRO-49",
      "model": 197,
      "generation": 9,
      "speed": 1,
      "max_speed": 1,
      "observation": "",
      "is_active": "1"
    }
  },
  {
    "model": "erp.client",
    "pk": 1,
    "fields": {
      "name": "FERRETERIA SOLUCIONES RAPIDAS S.A.C.",
      "document_type": "ruc",
      "document_number": "20601007216",
      "phone": "935753210",
      "email": "ADMINISTRACION@PUNTOCOMRENT.COM",
      "staff": 1,
      "is_active": "1"
    }
  },
  {
    "model": "erp.client",
    "pk": 2,
    "fields": {
      "name": "RESTAURANTE CHICHARRONERIA SARITA EIRL.",
      "document_type": "ruc",
      "document_number": "20430714164",
      "phone": "965555133",
      "email": "ADMINISTRACION@PUNTOCOMRENT.COM",
      "staff": 1,
      "is_active": "1"
    }
  },
  {
    "model": "erp.client",
    "pk": 3,
    "fields": {
      "name": "SANITAS PERU S.A. - EPS",
      "document_type": "ruc",
      "document_number": "20523470761",
      "phone": "6114444",
      "email": "administracion@puntocomrent.com",
      "staff": 1,
      "is_active": "1"
    }
  },
  {
    "model": "erp.client",
    "pk": 4,
    "fields": {
      "name": "SERVICIOS TURISTICOS MANUEL MANRIQUE EMPRESA INDIVIDUAL DE ",
      "document_type": "ruc",
      "document_number": "20601205964",
      "phone": "",
      "email": "PUNTOCOM",
      "staff": 1,
      "is_active": "1"
    }
  },
  {
    "model": "erp.client",
    "pk": 5,
    "fields": {
      "name": "TRANSPORTES LINEA S.A.",
      "document_type": "ruc",
      "document_number": "20438933272",
      "phone": "",
      "email": "PUNTOCOM",
      "staff": 1,
      "is_active": "1"
    }
  },
  {
    "model": "erp.client",
    "pk": 6,
    "fields": {
      "name": "@ HARDWARE STORE E.I.R.L",
      "document_type": "ruc",
      "document_number": "20549656481",
      "phone": "",
      "email": "administracion@puntocomrent.com",
      "staff": 1,
      "is_active": "1"
    }
  },
  {
    "model": "erp.client",
    "pk": 7,
    "fields": {
      "name": "01LABS SOCIEDAD ANONIMA CERRADA",
      "document_type": "ruc",
      "document_number": "20601716462",
      "phone": "",
      "email": "Ptapia@atariaventures.com",
      "staff": 1,
      "is_active": "1"
    }
  },
  {
    "model": "erp.client",
    "pk": 8,
    "fields": {
      "name": "1818 S.A.C",
      "document_type": "ruc",
      "document_number": "20505108672",
      "phone": "",
      "email": "yohimis@gomelast.com",
      "staff": 1,
      "is_active": "1"
    }
  },
  {
    "model": "erp.client",
    "pk": 9,
    "fields": {
      "name": "3.0 COMPUTER STORE S.A.C.",
      "document_type": "ruc",
      "document_number": "20600068092",
      "phone": "",
      "email": "ADMINISTRACION@PUNTOCOMRENT.COM",
      "staff": 1,
      "is_active": "1"
    }
  },
  {
    "model": "erp.client",
    "pk": 10,
    "fields": {
      "name": "3G OFFICE PERU S.A.C.",
      "document_type": "ruc",
      "document_number": "20547052120",
      "phone": "",
      "email": "desarrolloperu@3g-office.com",
      "staff": 1,
      "is_active": "1"
    }
  },
  {
    "model": "erp.client",
    "pk": 11,
    "fields": {
      "name": "A & B PRODUCCIONES SOCIEDAD ANONIMA CERRADA",
      "document_type": "ruc",
      "document_number": "20601358809",
      "phone": "",
      "email": "ppfura@ajaimerojas.com",
      "staff": 1,
      "is_active": "1"
    }
  },
  {
    "model": "erp.client",
    "pk": 12,
    "fields": {
      "name": "A JAIME ROJAS REPRESENTACIONES GRLES S A",
      "document_type": "ruc",
      "document_number": "20102032951",
      "phone": "",
      "email": "PUNTOCOM",
      "staff": 1,
      "is_active": "1"
    }
  },
  {
    "model": "erp.client",
    "pk": 13,
    "fields": {
      "name": "A Y P IMPRESIONES E.I.R.L.",
      "document_type": "ruc",
      "document_number": "20563642344",
      "phone": "",
      "email": ".",
      "staff": 1,
      "is_active": "1"
    }
  },
  {
    "model": "erp.client",
    "pk": 14,
    "fields": {
      "name": "A1 INDUSTRIAS FUGAZ SOCIEDAD ANONIMA CERRADA",
      "document_type": "ruc",
      "document_number": "20509473430",
      "phone": "",
      "email": "....",
      "staff": 1,
      "is_active": "1"
    }
  },
  {
    "model": "erp.client",
    "pk": 15,
    "fields": {
      "name": "ABANTIA PERU S.A.C.",
      "document_type": "ruc",
      "document_number": "20547266782",
      "phone": "",
      "email": "lsulca@apoyoconsultoria.com",
      "staff": 1,
      "is_active": "1"
    }
  },
  {
    "model": "erp.client",
    "pk": 16,
    "fields": {
      "name": "AC CAPITALES SOCIEDAD ADMINISTRADORA DE FONDOS DE INVERSION ",
      "document_type": "ruc",
      "document_number": "20504893295",
      "phone": "",
      "email": "ecaceres@apoyoconsultoria.com",
      "staff": 1,
      "is_active": "1"
    }
  },
  {
    "model": "erp.client",
    "pk": 17,
    "fields": {
      "name": "AC P\u00daBLICA S.A.C.",
      "document_type": "ruc",
      "document_number": "20520722638",
      "phone": "",
      "email": "jchavez@serviciosur.com",
      "staff": 1,
      "is_active": "1"
    }
  },
  {
    "model": "erp.client",
    "pk": 18,
    "fields": {
      "name": "ACE INTERNACIONAL S.A.C.",
      "document_type": "ruc",
      "document_number": "20600484363",
      "phone": "",
      "email": "ADMINISTRACION@PUNTOCOMRENT.COM",
      "staff": 1,
      "is_active": "1"
    }
  },
  {
    "model": "erp.client",
    "pk": 19,
    "fields": {
      "name": "ACEA PERU S.A.C.",
      "document_type": "ruc",
      "document_number": "20603339607",
      "phone": "",
      "email": "fvives@acres.com.pe    ",
      "staff": 1,
      "is_active": "1"
    }
  },
  {
    "model": "erp.client",
    "pk": 20,
    "fields": {
      "name": "ACOSTA JARA HENRY GUSTAVO",
      "document_type": "ruc",
      "document_number": "10419521057",
      "phone": "",
      "email": "PUNTOCOM",
      "staff": 1,
      "is_active": "1"
    }
  },
  {
    "model": "erp.client",
    "pk": 21,
    "fields": {
      "name": "ACRES INVESTMENTS PERU S.A.",
      "document_type": "ruc",
      "document_number": "20548498342",
      "phone": "",
      "email": "omorales@adconsultperu.com",
      "staff": 1,
      "is_active": "1"
    }
  },
  {
    "model": "erp.client",
    "pk": 22,
    "fields": {
      "name": "ACU\u00d1A DE LA ROSA EBERTO JESUS EDISON",
      "document_type": "ruc",
      "document_number": "10702864092",
      "phone": "",
      "email": "estefania.Soto@adecco.com ",
      "staff": 1,
      "is_active": "1"
    }
  },
  {
    "model": "erp.client",
    "pk": 23,
    "fields": {
      "name": "ADCONSULT PERU S.A.C.",
      "document_type": "ruc",
      "document_number": "20563677482",
      "phone": "",
      "email": "ADMINISTRACION@PUNTOCOMRENT.COM",
      "staff": 1,
      "is_active": "1"
    }
  },
  {
    "model": "erp.client",
    "pk": 24,
    "fields": {
      "name": "ADECCO CONSULTING S.A.",
      "document_type": "ruc",
      "document_number": "20503980216",
      "phone": "",
      "email": "Jose.Narvaez@aecom.com",
      "staff": 1,
      "is_active": "1"
    }
  },
  {
    "model": "erp.client",
    "pk": 25,
    "fields": {
      "name": "ADVANCE TECHNOLOGY GROUP S.A.C.",
      "document_type": "ruc",
      "document_number": "20562671316",
      "phone": "",
      "email": "jmanrique@afphabitat.com.pe",
      "staff": 1,
      "is_active": "1"
    }
  },
  {
    "model": "erp.client",
    "pk": 26,
    "fields": {
      "name": "AECOM TECHNICAL SERVICES SUCURSAL DEL PERU",
      "document_type": "ruc",
      "document_number": "20600654871",
      "phone": "",
      "email": "MARIA.JHONG@AGRICOLAANDREA.COM",
      "staff": 1,
      "is_active": "1"
    }
  },
  {
    "model": "erp.client",
    "pk": 27,
    "fields": {
      "name": "AFP HABITAT S.A.",
      "document_type": "ruc",
      "document_number": "20551464971",
      "phone": "",
      "email": "galfageme@abiperu.com",
      "staff": 1,
      "is_active": "1"
    }
  },
  {
    "model": "erp.client",
    "pk": 28,
    "fields": {
      "name": "AFTER THE STORM PERU AJUSTADORES Y PERITOS DE SEGUROS S.A.C.",
      "document_type": "ruc",
      "document_number": "20566035147",
      "phone": "",
      "email": "jvillalobos@aib.com.pe",
      "staff": 1,
      "is_active": "1"
    }
  },
  {
    "model": "erp.client",
    "pk": 29,
    "fields": {
      "name": "AGENCIA DE LOS ESTADOS UNIDOS PARA EL DESARROLLO INTERNACION",
      "document_type": "ruc",
      "document_number": "20503799902",
      "phone": "",
      "email": "ADMINISTRACION@PUNTOCOMRENT.COM",
      "staff": 1,
      "is_active": "1"
    }
  },
  {
    "model": "erp.client",
    "pk": 30,
    "fields": {
      "name": "AGRICOLA ANDREA S.A.C.",
      "document_type": "ruc",
      "document_number": "20505688903",
      "phone": "",
      "email": "gabriela@aiosystems.com",
      "staff": 1,
      "is_active": "1"
    }
  },
  {
    "model": "erp.client",
    "pk": 31,
    "fields": {
      "name": "AGROBUSINESS INTERNATIONAL PERU S.A.C.",
      "document_type": "ruc",
      "document_number": "20602677916",
      "phone": "",
      "email": "PUNTOCOM",
      "staff": 1,
      "is_active": "1"
    }
  },
  {
    "model": "erp.client",
    "pk": 32,
    "fields": {
      "name": "AGROINDUSTRIAS AIB S.A",
      "document_type": "ruc",
      "document_number": "20104420282",
      "phone": "",
      "email": "clazar@akamai.com.pe",
      "staff": 1,
      "is_active": "1"
    }
  },
  {
    "model": "erp.client",
    "pk": 33,
    "fields": {
      "name": "AGROPECUARIA LAS LOMAS DE CHILCA S.A",
      "document_type": "ruc",
      "document_number": "20336956677",
      "phone": "",
      "email": "",
      "staff": 1,
      "is_active": "1"
    }
  },
  {
    "model": "erp.client",
    "pk": 34,
    "fields": {
      "name": "AGUIRRE PABLO INES JOHANA",
      "document_type": "ruc",
      "document_number": "10416023315",
      "phone": "",
      "email": "",
      "staff": 1,
      "is_active": "1"
    }
  },
  {
    "model": "erp.client",
    "pk": 35,
    "fields": {
      "name": "AIO SYSTEMS PERU S.A.C.",
      "document_type": "ruc",
      "document_number": "20602273947",
      "phone": "",
      "email": "",
      "staff": 1,
      "is_active": "1"
    }
  },
  {
    "model": "erp.client",
    "pk": 36,
    "fields": {
      "name": "AIP 10 SOCIEDAD ANONIMA CERRADA",
      "document_type": "ruc",
      "document_number": "20548906301 ",
      "phone": "",
      "email": "",
      "staff": 1,
      "is_active": "1"
    }
  },
  {
    "model": "erp.client",
    "pk": 37,
    "fields": {
      "name": "AJISITONOMA S.A.C.",
      "document_type": "ruc",
      "document_number": "20603283822",
      "phone": "",
      "email": "",
      "staff": 1,
      "is_active": "1"
    }
  },
  {
    "model": "erp.client",
    "pk": 38,
    "fields": {
      "name": "AKAMAI S.A.C.",
      "document_type": "ruc",
      "document_number": "20606099615",
      "phone": "",
      "email": "",
      "staff": 1,
      "is_active": "1"
    }
  },
  {
    "model": "erp.client",
    "pk": 39,
    "fields": {
      "name": "AKZO NOBEL PERU S.A.C.",
      "document_type": "ruc",
      "document_number": "20521911221",
      "phone": "",
      "email": "",
      "staff": 1,
      "is_active": "1"
    }
  },
  {
    "model": "erp.client",
    "pk": 40,
    "fields": {
      "name": "AL PUNTO MARKETING SOCIEDAD ANONIMA CERRADA",
      "document_type": "ruc",
      "document_number": "20548315957",
      "phone": "",
      "email": "",
      "staff": 1,
      "is_active": "1"
    }
  },
  {
    "model": "erp.client",
    "pk": 62,
    "fields": {
      "name": "Arango Saenz",
      "document_type": "ce",
      "document_number": "123213",
      "phone": "123123",
      "email": "123",
      "staff": 1,
      "is_active": "1"
    }
  },
  {
    "model": "erp.client",
    "pk": 63,
    "fields": {
      "name": "Cliente Prueba 1",
      "document_type": "ce",
      "document_number": "asdasd",
      "phone": "asdasd",
      "email": "asdasd",
      "staff": 1,
      "is_active": "1"
    }
  },
  {
    "model": "erp.client",
    "pk": 64,
    "fields": {
      "name": "Cliente Prueba2",
      "document_type": "ce",
      "document_number": "dasda",
      "phone": "asdads",
      "email": "asdasd",
      "staff": 1,
      "is_active": "1"
    }
  },
  {
    "model": "erp.client",
    "pk": 65,
    "fields": {
      "name": "Cliente Prueba 5",
      "document_type": "dni",
      "document_number": "sadasd",
      "phone": "asdasdads",
      "email": "asdasd",
      "staff": 1,
      "is_active": "1"
    }
  },
  {
    "model": "erp.client",
    "pk": 66,
    "fields": {
      "name": "Prueba 5",
      "document_type": "ce",
      "document_number": "asd",
      "phone": "asdasd",
      "email": "asdasd",
      "staff": 1,
      "is_active": "1"
    }
  },
  {
    "model": "erp.client",
    "pk": 67,
    "fields": {
      "name": "Prueba 6",
      "document_type": "ce",
      "document_number": "66666",
      "phone": "66",
      "email": "666",
      "staff": 1,
      "is_active": "1"
    }
  },
  {
    "model": "erp.client",
    "pk": 68,
    "fields": {
      "name": "Prueba15",
      "document_type": "dni",
      "document_number": "Prueba15",
      "phone": "Prueba15",
      "email": "Prueba15",
      "staff": 1,
      "is_active": "1"
    }
  },
  {
    "model": "erp.client",
    "pk": 69,
    "fields": {
      "name": "Prueba16",
      "document_type": "dni",
      "document_number": "Prueba16",
      "phone": "Prueba16",
      "email": "Prueba16",
      "staff": 1,
      "is_active": "1"
    }
  },
  {
    "model": "erp.clientoffice",
    "pk": 1,
    "fields": {
      "client": 1,
      "address": "SURQUILLO",
      "contact_name": " FERRETERIA SOLUCIONES RAPIDAS S.A.C.",
      "document_number": "20601007216",
      "phone": "123456789",
      "email": "ADMINISTRACION@PUNTOCOMRENT.COM",
      "observation": "",
      "is_active": "1"
    }
  },
  {
    "model": "erp.clientoffice",
    "pk": 2,
    "fields": {
      "client": 2,
      "address": "MZA. G1 LOTE. 16 URB. EL CARMEN LIMA - LIMA - PUNTA HERMOSA",
      "contact_name": " RESTAURANTE CHICHARRONERIA SARITA EIRL.",
      "document_number": "20430714164",
      "phone": "",
      "email": "ADMINISTRACION@PUNTOCOMRENT.COM",
      "observation": "",
      "is_active": "1"
    }
  },
  {
    "model": "erp.clientoffice",
    "pk": 3,
    "fields": {
      "client": 3,
      "address": "AV. RICARDO RIVERA NAVARRETE NRO. 543 URB. JARDIN LIMA - LIMA - SAN IS",
      "contact_name": " SANITAS PERU S.A. - EPS",
      "document_number": "20523470761",
      "phone": "",
      "email": "administracion@puntocomrent.com",
      "observation": "",
      "is_active": "1"
    }
  },
  {
    "model": "erp.clientoffice",
    "pk": 4,
    "fields": {
      "client": 4,
      "address": "MANCORA",
      "contact_name": " SERVICIOS TURISTICOS MANUEL MANRIQUE EMPRESA INDIVIDUAL DE ",
      "document_number": "20601205964",
      "phone": "",
      "email": "PUNTOCOM",
      "observation": "",
      "is_active": "1"
    }
  },
  {
    "model": "erp.clientoffice",
    "pk": 5,
    "fields": {
      "client": 5,
      "address": "TRUJILLO",
      "contact_name": " TRANSPORTES LINEA S.A.",
      "document_number": "20438933272",
      "phone": "",
      "email": "PUNTOCOM",
      "observation": "",
      "is_active": "1"
    }
  },
  {
    "model": "erp.clientoffice",
    "pk": 6,
    "fields": {
      "client": 6,
      "address": "AV. GARCILAZO DE LA VEGA NRO. 1251 INT. 153 LIMA - LIMA - LIMA",
      "contact_name": "@ HARDWARE STORE E.I.R.L",
      "document_number": "20549656481",
      "phone": "",
      "email": "administracion@puntocomrent.com",
      "observation": "",
      "is_active": "1"
    }
  },
  {
    "model": "erp.clientoffice",
    "pk": 7,
    "fields": {
      "client": 7,
      "address": "CAL.MIGUEL DASSO NRO. 117 DPTO. 15 URB. SANTA ISABEL ",
      "contact_name": "01LABS SOCIEDAD ANONIMA CERRADA",
      "document_number": "20601716462",
      "phone": "",
      "email": "Ptapia@atariaventures.com",
      "observation": "",
      "is_active": "1"
    }
  },
  {
    "model": "erp.clientoffice",
    "pk": 8,
    "fields": {
      "client": 8,
      "address": "AV. 22 DE JULIO NRO. 230 (EX-SEPARADORA INDUSTRIAL) LIMA - LIMA - ATE",
      "contact_name": "1818 S.A.C",
      "document_number": "20505108672",
      "phone": "",
      "email": "yohimis@gomelast.com",
      "observation": "",
      "is_active": "1"
    }
  },
  {
    "model": "erp.clientoffice",
    "pk": 9,
    "fields": {
      "client": 9,
      "address": "MIRAFLORES",
      "contact_name": "3.0 COMPUTER STORE S.A.C.",
      "document_number": "20600068092",
      "phone": "",
      "email": "ADMINISTRACION@PUNTOCOMRENT.COM",
      "observation": "",
      "is_active": "1"
    }
  },
  {
    "model": "erp.clientoffice",
    "pk": 10,
    "fields": {
      "client": 10,
      "address": "CAL.NARCISO DE LA COLINA NRO. 421 INT. 1202 URB. CERCADO DE MIRAFLORES",
      "contact_name": "3G OFFICE PERU S.A.C.",
      "document_number": "20547052120",
      "phone": "",
      "email": "desarrolloperu@3g-office.com",
      "observation": "",
      "is_active": "1"
    }
  },
  {
    "model": "erp.clientoffice",
    "pk": 11,
    "fields": {
      "client": 11,
      "address": "PJ.CHEPEN NRO.150 URB.EL CARMEN-PUEBLO LIBRE (MAGDALENA)",
      "contact_name": "A & B PRODUCCIONES SOCIEDAD ANONIMA CERRADA",
      "document_number": "20601358809",
      "phone": "",
      "email": "ppfura@ajaimerojas.com",
      "observation": "",
      "is_active": "1"
    }
  },
  {
    "model": "erp.clientoffice",
    "pk": 12,
    "fields": {
      "client": 12,
      "address": "JR. GARCIA Y GARCIA NRO. 870 URB. FUNDO TEJADA",
      "contact_name": "A JAIME ROJAS REPRESENTACIONES GRLES S A",
      "document_number": "20102032951",
      "phone": "",
      "email": "PUNTOCOM",
      "observation": "",
      "is_active": "1"
    }
  },
  {
    "model": "erp.clientoffice",
    "pk": 13,
    "fields": {
      "client": 13,
      "address": "LIMA",
      "contact_name": "A Y P IMPRESIONES E.I.R.L.",
      "document_number": "20563642344",
      "phone": "",
      "email": ".",
      "observation": "",
      "is_active": "1"
    }
  },
  {
    "model": "erp.clientoffice",
    "pk": 14,
    "fields": {
      "client": 14,
      "address": "CAL.PEDRO VILLAR CORDOVA NRO. 257 DPTO. 301 URB. PANDO I ETAPA",
      "contact_name": "A1 INDUSTRIAS FUGAZ SOCIEDAD ANONIMA CERRADA",
      "document_number": "20509473430",
      "phone": "",
      "email": "....",
      "observation": "",
      "is_active": "1"
    }
  },
  {
    "model": "erp.clientoffice",
    "pk": 15,
    "fields": {
      "client": 15,
      "address": "AV. MARISCAL JOSE DE LA MAR NRO. 422 INT. 501 URB. SANTA CRUZ",
      "contact_name": "ABANTIA PERU S.A.C.",
      "document_number": "20547266782",
      "phone": "",
      "email": "lsulca@apoyoconsultoria.com",
      "observation": "",
      "is_active": "1"
    }
  },
  {
    "model": "erp.clientoffice",
    "pk": 16,
    "fields": {
      "client": 16,
      "address": "AV. ARMENDARIZ NRO. 424 DPTO. PISO INT. 5TO LIMA - LIMA - MIRAFLORES",
      "contact_name": "AC CAPITALES SOCIEDAD ADMINISTRADORA DE FONDOS DE INVERSION ",
      "document_number": "20504893295",
      "phone": "",
      "email": "ecaceres@apoyoconsultoria.com",
      "observation": "",
      "is_active": "1"
    }
  },
  {
    "model": "erp.clientoffice",
    "pk": 17,
    "fields": {
      "client": 17,
      "address": "AV. ARMENDARIZ NRO. 424 DPTO. 3 -- LIMA - LIMA - MIRAFLORES",
      "contact_name": "AC P\u00daBLICA S.A.C.",
      "document_number": "20520722638",
      "phone": "",
      "email": "jchavez@serviciosur.com",
      "observation": "",
      "is_active": "1"
    }
  },
  {
    "model": "erp.clientoffice",
    "pk": 18,
    "fields": {
      "client": 18,
      "address": "CAL.JOAQUIN CASTELLANOS MZA.F LT.27 URB.VISTA  ALEGRE LIMA - SURCO",
      "contact_name": "ACE INTERNACIONAL S.A.C.",
      "document_number": "20600484363",
      "phone": "",
      "email": "ADMINISTRACION@PUNTOCOMRENT.COM",
      "observation": "",
      "is_active": "1"
    }
  },
  {
    "model": "erp.clientoffice",
    "pk": 19,
    "fields": {
      "client": 19,
      "address": "CAL.AMADOR MERINO REYNA NRO. 307 INT. 803 LIMA - LIMA - SAN ISIDRO",
      "contact_name": "ACEA PERU S.A.C.",
      "document_number": "20603339607",
      "phone": "",
      "email": "fvives@acres.com.pe    ",
      "observation": "",
      "is_active": "1"
    }
  },
  {
    "model": "erp.clientoffice",
    "pk": 20,
    "fields": {
      "client": 20,
      "address": "SAN ISIDRO ",
      "contact_name": "ACOSTA JARA HENRY GUSTAVO",
      "document_number": "10419521057",
      "phone": "",
      "email": "PUNTOCOM",
      "observation": "",
      "is_active": "1"
    }
  },
  {
    "model": "erp.clientoffice",
    "pk": 21,
    "fields": {
      "client": 21,
      "address": "AV. LOS INCAS NRO. 172 LIMA - LIMA - SAN ISIDRO",
      "contact_name": "ACRES INVESTMENTS PERU S.A.",
      "document_number": "20548498342",
      "phone": "",
      "email": "omorales@adconsultperu.com",
      "observation": "",
      "is_active": "1"
    }
  },
  {
    "model": "erp.clientoffice",
    "pk": 22,
    "fields": {
      "client": 22,
      "address": "MIRAFLORES",
      "contact_name": "ACU\u00d1A DE LA ROSA EBERTO JESUS EDISON",
      "document_number": "10702864092",
      "phone": "",
      "email": "estefania.Soto@adecco.com ",
      "observation": "",
      "is_active": "1"
    }
  },
  {
    "model": "erp.clientoffice",
    "pk": 23,
    "fields": {
      "client": 23,
      "address": "CAL.LOS ANTARES NRO. 320 INT. 605 URB. LA ALBORADA (CENTRO EMPRE. EL N",
      "contact_name": "ADCONSULT PERU S.A.C.",
      "document_number": "20563677482",
      "phone": "",
      "email": "ADMINISTRACION@PUNTOCOMRENT.COM",
      "observation": "",
      "is_active": "1"
    }
  },
  {
    "model": "erp.clientoffice",
    "pk": 24,
    "fields": {
      "client": 24,
      "address": "AV.CIRCUNVALACION CLUB GOLF LOS INCAS 208 INT.102B URB.CLUB GOLF INCAS",
      "contact_name": "ADECCO CONSULTING S.A.",
      "document_number": "20503980216",
      "phone": "",
      "email": "Jose.Narvaez@aecom.com",
      "observation": "",
      "is_active": "1"
    }
  },
  {
    "model": "erp.clientoffice",
    "pk": 25,
    "fields": {
      "client": 25,
      "address": "MIRAFLORES",
      "contact_name": "ADVANCE TECHNOLOGY GROUP S.A.C.",
      "document_number": "20562671316",
      "phone": "",
      "email": "jmanrique@afphabitat.com.pe",
      "observation": "",
      "is_active": "1"
    }
  },
  {
    "model": "erp.clientoffice",
    "pk": 26,
    "fields": {
      "client": 26,
      "address": "AV. JUAN DE ALIAGA NRO. 360 DPTO. 2119 URB. ORRANTIA DEL MAR",
      "contact_name": "AECOM TECHNICAL SERVICES SUCURSAL DEL PERU",
      "document_number": "20600654871",
      "phone": "",
      "email": "MARIA.JHONG@AGRICOLAANDREA.COM",
      "observation": "",
      "is_active": "1"
    }
  },
  {
    "model": "erp.clientoffice",
    "pk": 27,
    "fields": {
      "client": 27,
      "address": "AV. JORGE BASADRE NRO. 592 (PISO 6 OF. 608 - 609)",
      "contact_name": "AFP HABITAT S.A.",
      "document_number": "20551464971",
      "phone": "",
      "email": "galfageme@abiperu.com",
      "observation": "",
      "is_active": "1"
    }
  },
  {
    "model": "erp.clientoffice",
    "pk": 28,
    "fields": {
      "client": 28,
      "address": "AV.PASEO DE LA REPUBLICA NRO.3127 DPTO.401 URB.SANTA ANA - SAN ISIDRO",
      "contact_name": "AFTER THE STORM PERU AJUSTADORES Y PERITOS DE SEGUROS S.A.C.",
      "document_number": "20566035147",
      "phone": "",
      "email": "jvillalobos@aib.com.pe",
      "observation": "",
      "is_active": "1"
    }
  },
  {
    "model": "erp.clientoffice",
    "pk": 29,
    "fields": {
      "client": 29,
      "address": "AV.LA ENCALADA NRO.S/N(CDRA 17 EMBAJADA DE ESTADOS UNIDOS) LIMA-SURCO",
      "contact_name": "AGENCIA DE LOS ESTADOS UNIDOS PARA EL DESARROLLO INTERNACION",
      "document_number": "20503799902",
      "phone": "",
      "email": "ADMINISTRACION@PUNTOCOMRENT.COM",
      "observation": "",
      "is_active": "1"
    }
  },
  {
    "model": "erp.clientoffice",
    "pk": 30,
    "fields": {
      "client": 30,
      "address": "AV. LOS CONQUISTADORES NRO. 638 INT. 201",
      "contact_name": "AGRICOLA ANDREA S.A.C.",
      "document_number": "20505688903",
      "phone": "",
      "email": "gabriela@aiosystems.com",
      "observation": "",
      "is_active": "1"
    }
  },
  {
    "model": "erp.clientoffice",
    "pk": 31,
    "fields": {
      "client": 31,
      "address": "JR. BOLIVAR NRO. 634 INT. 210 CENT CARDO TRUJILLO",
      "contact_name": "AGROBUSINESS INTERNATIONAL PERU S.A.C.",
      "document_number": "20602677916",
      "phone": "",
      "email": "PUNTOCOM",
      "observation": "",
      "is_active": "1"
    }
  },
  {
    "model": "erp.clientoffice",
    "pk": 32,
    "fields": {
      "client": 32,
      "address": "AV. RICARDO PALMA NRO. 894",
      "contact_name": "AGROINDUSTRIAS AIB S.A",
      "document_number": "20104420282",
      "phone": "",
      "email": "clazar@akamai.com.pe",
      "observation": "",
      "is_active": "1"
    }
  },
  {
    "model": "erp.clientoffice",
    "pk": 33,
    "fields": {
      "client": 33,
      "address": "AV.ALFREDO BENAVIDES NRO.768 INT.6PS URB.CERCADO MIRAFLORES. LIMA ",
      "contact_name": "AGROPECUARIA LAS LOMAS DE CHILCA S.A",
      "document_number": "20336956677",
      "phone": "",
      "email": "",
      "observation": "",
      "is_active": "1"
    }
  },
  {
    "model": "erp.clientoffice",
    "pk": 34,
    "fields": {
      "client": 34,
      "address": "LIMA",
      "contact_name": "AGUIRRE PABLO INES JOHANA",
      "document_number": "10416023315",
      "phone": "",
      "email": "",
      "observation": "",
      "is_active": "1"
    }
  },
  {
    "model": "erp.clientoffice",
    "pk": 35,
    "fields": {
      "client": 35,
      "address": "JR. LA FLORESTA NRO. 275 URB. CAMACHO LIMA - LIMA - SANTIAGO DE SURCO",
      "contact_name": "AIO SYSTEMS PERU S.A.C.",
      "document_number": "20602273947",
      "phone": "",
      "email": "",
      "observation": "",
      "is_active": "1"
    }
  },
  {
    "model": "erp.clientoffice",
    "pk": 36,
    "fields": {
      "client": 36,
      "address": "CAL.MANUEL OLGUIN NRO. 501 INT. 506 LIMA - LIMA - SANTIAGO DE SURCO",
      "contact_name": "AIP 10 SOCIEDAD ANONIMA CERRADA",
      "document_number": "20548906301 ",
      "phone": "",
      "email": "",
      "observation": "",
      "is_active": "1"
    }
  },
  {
    "model": "erp.clientoffice",
    "pk": 37,
    "fields": {
      "client": 37,
      "address": "AL.LEONCIO PRADO NRO. 490A LIMA - LIMA - SURQUILLO",
      "contact_name": "AJISITONOMA S.A.C.",
      "document_number": "20603283822",
      "phone": "",
      "email": "",
      "observation": "",
      "is_active": "1"
    }
  },
  {
    "model": "erp.clientoffice",
    "pk": 38,
    "fields": {
      "client": 38,
      "address": "AV. VICTOR ANDRES BELAUNDE NRO. 147 URB. EL ROSARIO (EDIFICIO REAL DOS",
      "contact_name": "AKAMAI S.A.C.",
      "document_number": "20606099615",
      "phone": "",
      "email": "",
      "observation": "",
      "is_active": "1"
    }
  },
  {
    "model": "erp.clientoffice",
    "pk": 39,
    "fields": {
      "client": 39,
      "address": "JR.MONTERROSA NRO.256 INT.701 URB.CHACARILLA DEL ESTANQUE-SURCO",
      "contact_name": "AKZO NOBEL PERU S.A.C.",
      "document_number": "20521911221",
      "phone": "",
      "email": "",
      "observation": "",
      "is_active": "1"
    }
  },
  {
    "model": "erp.clientoffice",
    "pk": 40,
    "fields": {
      "client": 40,
      "address": "CAL.MIGUEL DASSO NRO.139 INT.701 URB.SANTA ISABEL LIMA - SAN ISIDRO",
      "contact_name": "AL PUNTO MARKETING SOCIEDAD ANONIMA CERRADA",
      "document_number": "20548315957",
      "phone": "",
      "email": "",
      "observation": "",
      "is_active": "1"
    }
  },
  {
    "model": "erp.clientoffice",
    "pk": 67,
    "fields": {
      "client": 2,
      "address": "Lima1",
      "contact_name": "Arango Saenz",
      "document_number": "1",
      "phone": "1",
      "email": "1",
      "observation": null,
      "is_active": "1"
    }
  },
  {
    "model": "erp.clientoffice",
    "pk": 68,
    "fields": {
      "client": 2,
      "address": "Lima2",
      "contact_name": "Arango Saenz",
      "document_number": "2",
      "phone": "2",
      "email": "2",
      "observation": null,
      "is_active": "1"
    }
  },
  {
    "model": "erp.clientoffice",
    "pk": 69,
    "fields": {
      "client": 2,
      "address": "Lima3",
      "contact_name": "Arango Saenz",
      "document_number": "3",
      "phone": "3",
      "email": "3",
      "observation": null,
      "is_active": "1"
    }
  },
  {
    "model": "erp.clientoffice",
    "pk": 70,
    "fields": {
      "client": 2,
      "address": "Lima4",
      "contact_name": "4",
      "document_number": "4",
      "phone": "4",
      "email": "4",
      "observation": null,
      "is_active": "1"
    }
  },
  {
    "model": "erp.clientoffice",
    "pk": 71,
    "fields": {
      "client": 4,
      "address": "Lima14",
      "contact_name": "Arango Saenz",
      "document_number": "13qweqe",
      "phone": "2313",
      "email": "123",
      "observation": null,
      "is_active": "1"
    }
  },
  {
    "model": "erp.clientoffice",
    "pk": 72,
    "fields": {
      "client": 4,
      "address": "Lima33",
      "contact_name": "Arango Saenz",
      "document_number": "21313",
      "phone": "123123",
      "email": "123123",
      "observation": null,
      "is_active": "1"
    }
  },
  {
    "model": "erp.clientoffice",
    "pk": 73,
    "fields": {
      "client": 3,
      "address": "Lima333",
      "contact_name": "Arango Saenz",
      "document_number": "aseasd",
      "phone": "asdasd",
      "email": "asd",
      "observation": null,
      "is_active": "1"
    }
  },
  {
    "model": "erp.clientoffice",
    "pk": 74,
    "fields": {
      "client": 2,
      "address": "Lima3333",
      "contact_name": "Arango Saenz",
      "document_number": "asdasd",
      "phone": "asdasd",
      "email": "asdasd",
      "observation": null,
      "is_active": "1"
    }
  },
  {
    "model": "erp.clientoffice",
    "pk": 75,
    "fields": {
      "client": 2,
      "address": "Lima44444",
      "contact_name": "Arango Saenz",
      "document_number": "asdad",
      "phone": "asdads",
      "email": "asdasdasd",
      "observation": null,
      "is_active": "1"
    }
  },
  {
    "model": "erp.clientoffice",
    "pk": 76,
    "fields": {
      "client": 6,
      "address": "asdasdasdasdasd",
      "contact_name": "asdasd",
      "document_number": "asdasdasd",
      "phone": "asdasd",
      "email": "asddas",
      "observation": null,
      "is_active": "1"
    }
  },
  {
    "model": "erp.clientoffice",
    "pk": 77,
    "fields": {
      "client": 16,
      "address": "sadasd1231312",
      "contact_name": "asdasd",
      "document_number": "asdasd",
      "phone": "asdasd",
      "email": "asdsa",
      "observation": null,
      "is_active": "1"
    }
  },
  {
    "model": "erp.clientoffice",
    "pk": 78,
    "fields": {
      "client": 5,
      "address": "LimaTras",
      "contact_name": "Arango Saenz",
      "document_number": "asdasd",
      "phone": "asdasd",
      "email": "asdasd",
      "observation": null,
      "is_active": "1"
    }
  },
  {
    "model": "erp.clientoffice",
    "pk": 79,
    "fields": {
      "client": 63,
      "address": "Cliente Sucursal Prueba 1",
      "contact_name": "asdasdasd",
      "document_number": "asdasd",
      "phone": "asdasd",
      "email": "asdasdasd",
      "observation": null,
      "is_active": "1"
    }
  },
  {
    "model": "erp.clientoffice",
    "pk": 80,
    "fields": {
      "client": 3,
      "address": "Prueba15",
      "contact_name": "Prueba15",
      "document_number": "Prueba15",
      "phone": "Prueba15",
      "email": "Prueba15",
      "observation": null,
      "is_active": "1"
    }
  },
  {
    "model": "erp.equipment",
    "pk": 1,
    "fields": {
      "code": "1904TK050325",
      "model": 19,
      "description": "LAPTOP",
      "screen": 14.0,
      "processor": 15,
      "video": null,
      "part_number": "6QY16LT#ABM",
      "factory_series": null,
      "has_guarantee": false,
      "insurance_start_date": null,
      "insurance_end_date": null,
      "location": "ALMACEN",
      "campus": 1,
      "observation": null,
      "is_sublease": false,
      "state": "2",
      "memory": []
    }
  },
  {
    "model": "erp.equipment",
    "pk": 2,
    "fields": {
      "code": "1904TK050327",
      "model": 19,
      "description": "LAPTOP",
      "screen": 14.0,
      "processor": 15,
      "video": null,
      "part_number": "6QY16LT#ABM",
      "factory_series": null,
      "has_guarantee": false,
      "insurance_start_date": null,
      "insurance_end_date": null,
      "location": "ALMACEN",
      "campus": 1,
      "observation": null,
      "is_sublease": false,
      "state": "2",
      "memory": []
    }
  },
  {
    "model": "erp.equipment",
    "pk": 3,
    "fields": {
      "code": "1904TK050329",
      "model": 19,
      "description": "LAPTOP",
      "screen": 14.0,
      "processor": 15,
      "video": null,
      "part_number": "6QY16LT#ABM",
      "factory_series": null,
      "has_guarantee": false,
      "insurance_start_date": null,
      "insurance_end_date": null,
      "location": "ALMACEN",
      "campus": 1,
      "observation": null,
      "is_sublease": false,
      "state": "2",
      "memory": []
    }
  },
  {
    "model": "erp.equipment",
    "pk": 4,
    "fields": {
      "code": "1904TK050331",
      "model": 19,
      "description": "LAPTOP",
      "screen": 14.0,
      "processor": 15,
      "video": null,
      "part_number": "6QY16LT#ABM",
      "factory_series": null,
      "has_guarantee": false,
      "insurance_start_date": null,
      "insurance_end_date": null,
      "location": "ALMACEN",
      "campus": 1,
      "observation": null,
      "is_sublease": false,
      "state": "2",
      "memory": []
    }
  },
  {
    "model": "erp.equipment",
    "pk": 5,
    "fields": {
      "code": "1904TK050332",
      "model": 19,
      "description": "LAPTOP",
      "screen": 14.0,
      "processor": 15,
      "video": null,
      "part_number": "6QY16LT#ABM",
      "factory_series": null,
      "has_guarantee": false,
      "insurance_start_date": null,
      "insurance_end_date": null,
      "location": "ALMACEN",
      "campus": 1,
      "observation": null,
      "is_sublease": false,
      "state": "2",
      "memory": []
    }
  },
  {
    "model": "erp.equipment",
    "pk": 6,
    "fields": {
      "code": "1904TK050333",
      "model": 19,
      "description": "LAPTOP",
      "screen": 14.0,
      "processor": 15,
      "video": null,
      "part_number": "6QY16LT#ABM",
      "factory_series": null,
      "has_guarantee": false,
      "insurance_start_date": null,
      "insurance_end_date": null,
      "location": "ALMACEN",
      "campus": 1,
      "observation": null,
      "is_sublease": false,
      "state": "2",
      "memory": []
    }
  },
  {
    "model": "erp.equipment",
    "pk": 7,
    "fields": {
      "code": "1904TK050334",
      "model": 19,
      "description": "LAPTOP",
      "screen": 14.0,
      "processor": 15,
      "video": null,
      "part_number": "6QY16LT#ABM",
      "factory_series": null,
      "has_guarantee": false,
      "insurance_start_date": null,
      "insurance_end_date": null,
      "location": "ALMACEN",
      "campus": 1,
      "observation": null,
      "is_sublease": false,
      "state": "2",
      "memory": []
    }
  },
  {
    "model": "erp.equipment",
    "pk": 8,
    "fields": {
      "code": "1904TK050335",
      "model": 19,
      "description": "LAPTOP",
      "screen": 14.0,
      "processor": 15,
      "video": null,
      "part_number": "6QY16LT#ABM",
      "factory_series": null,
      "has_guarantee": false,
      "insurance_start_date": null,
      "insurance_end_date": null,
      "location": "ALMACEN",
      "campus": 1,
      "observation": null,
      "is_sublease": false,
      "state": "2",
      "memory": []
    }
  },
  {
    "model": "erp.equipment",
    "pk": 9,
    "fields": {
      "code": "1904TK050336",
      "model": 19,
      "description": "LAPTOP",
      "screen": 14.0,
      "processor": 15,
      "video": null,
      "part_number": "6QY16LT#ABM",
      "factory_series": null,
      "has_guarantee": false,
      "insurance_start_date": null,
      "insurance_end_date": null,
      "location": "ALMACEN",
      "campus": 1,
      "observation": null,
      "is_sublease": false,
      "state": "2",
      "memory": []
    }
  },
  {
    "model": "erp.equipment",
    "pk": 10,
    "fields": {
      "code": "1904TK050338",
      "model": 19,
      "description": "LAPTOP",
      "screen": 14.0,
      "processor": 15,
      "video": null,
      "part_number": "6QY16LT#ABM",
      "factory_series": null,
      "has_guarantee": false,
      "insurance_start_date": null,
      "insurance_end_date": null,
      "location": "ALMACEN",
      "campus": 1,
      "observation": null,
      "is_sublease": false,
      "state": "2",
      "memory": []
    }
  },
  {
    "model": "erp.equipment",
    "pk": 11,
    "fields": {
      "code": "1904TK050340",
      "model": 19,
      "description": "LAPTOP",
      "screen": 14.0,
      "processor": 15,
      "video": null,
      "part_number": "6QY16LT#ABM",
      "factory_series": null,
      "has_guarantee": false,
      "insurance_start_date": null,
      "insurance_end_date": null,
      "location": "ALMACEN",
      "campus": 1,
      "observation": null,
      "is_sublease": false,
      "state": "2",
      "memory": []
    }
  },
  {
    "model": "erp.equipment",
    "pk": 12,
    "fields": {
      "code": "MOR-LAP0001",
      "model": 40,
      "description": "LAPTOP",
      "screen": 15.6,
      "processor": 25,
      "video": 5,
      "part_number": "6QY16LT#ABM",
      "factory_series": "CND91417TZ",
      "has_guarantee": false,
      "insurance_start_date": null,
      "insurance_end_date": null,
      "location": "ALMACEN",
      "campus": 1,
      "observation": null,
      "is_sublease": false,
      "state": "2",
      "memory": []
    }
  },
  {
    "model": "erp.equipment",
    "pk": 13,
    "fields": {
      "code": "MOR-LAP0003",
      "model": 40,
      "description": "LAPTOP",
      "screen": 15.6,
      "processor": 25,
      "video": 5,
      "part_number": "6QY16LT#ABM",
      "factory_series": "CND91417VO",
      "has_guarantee": false,
      "insurance_start_date": null,
      "insurance_end_date": null,
      "location": "ALMACEN",
      "campus": 1,
      "observation": null,
      "is_sublease": false,
      "state": "2",
      "memory": []
    }
  },
  {
    "model": "erp.equipment",
    "pk": 14,
    "fields": {
      "code": "MOR-LAP0005",
      "model": 40,
      "description": "LAPTOP",
      "screen": 15.6,
      "processor": 25,
      "video": 5,
      "part_number": "6QY16LT#ABM",
      "factory_series": "CND91512VG",
      "has_guarantee": false,
      "insurance_start_date": null,
      "insurance_end_date": null,
      "location": "ALMACEN",
      "campus": 1,
      "observation": null,
      "is_sublease": false,
      "state": "2",
      "memory": []
    }
  },
  {
    "model": "erp.equipment",
    "pk": 15,
    "fields": {
      "code": "MOR-LAP0006",
      "model": 40,
      "description": "LAPTOP",
      "screen": 15.6,
      "processor": 25,
      "video": 5,
      "part_number": "6QY16LT#ABM",
      "factory_series": "CND91417P2",
      "has_guarantee": false,
      "insurance_start_date": null,
      "insurance_end_date": null,
      "location": "ALMACEN",
      "campus": 1,
      "observation": null,
      "is_sublease": false,
      "state": "2",
      "memory": []
    }
  },
  {
    "model": "erp.equipment",
    "pk": 16,
    "fields": {
      "code": "MOR-LAP0007",
      "model": 40,
      "description": "LAPTOP",
      "screen": 15.6,
      "processor": 25,
      "video": 5,
      "part_number": "6QY16LT#ABM",
      "factory_series": "CND91417MD",
      "has_guarantee": false,
      "insurance_start_date": null,
      "insurance_end_date": null,
      "location": "ALMACEN",
      "campus": 1,
      "observation": null,
      "is_sublease": false,
      "state": "2",
      "memory": []
    }
  },
  {
    "model": "erp.equipment",
    "pk": 17,
    "fields": {
      "code": "MOR-LAP0008",
      "model": 40,
      "description": "LAPTOP",
      "screen": 15.6,
      "processor": 25,
      "video": 5,
      "part_number": "6QY16LT#ABM",
      "factory_series": "CND91417XJ",
      "has_guarantee": false,
      "insurance_start_date": null,
      "insurance_end_date": null,
      "location": "ALMACEN",
      "campus": 1,
      "observation": null,
      "is_sublease": false,
      "state": "2",
      "memory": []
    }
  },
  {
    "model": "erp.equipment",
    "pk": 18,
    "fields": {
      "code": "MOR-LAP0009",
      "model": 40,
      "description": "LAPTOP",
      "screen": 15.6,
      "processor": 25,
      "video": 5,
      "part_number": "6QY16LT#ABM",
      "factory_series": "CND91417WT",
      "has_guarantee": false,
      "insurance_start_date": null,
      "insurance_end_date": null,
      "location": "ALMACEN",
      "campus": 1,
      "observation": null,
      "is_sublease": false,
      "state": "2",
      "memory": []
    }
  },
  {
    "model": "erp.equipment",
    "pk": 19,
    "fields": {
      "code": "MOR-LAP0010",
      "model": 40,
      "description": "LAPTOP",
      "screen": 15.6,
      "processor": 25,
      "video": 5,
      "part_number": "6QY16LT#ABM",
      "factory_series": "CND91417XL",
      "has_guarantee": false,
      "insurance_start_date": null,
      "insurance_end_date": null,
      "location": "ALMACEN",
      "campus": 1,
      "observation": null,
      "is_sublease": false,
      "state": "2",
      "memory": []
    }
  },
  {
    "model": "erp.equipment",
    "pk": 20,
    "fields": {
      "code": "MOR-LAP0011",
      "model": 73,
      "description": "LAPTOP",
      "screen": 14.0,
      "processor": 7,
      "video": null,
      "part_number": "3PX4OLA#ABM",
      "factory_series": "PF1MHX70",
      "has_guarantee": false,
      "insurance_start_date": null,
      "insurance_end_date": null,
      "location": "ALMACEN",
      "campus": 1,
      "observation": null,
      "is_sublease": false,
      "state": "2",
      "memory": []
    }
  },
  {
    "model": "erp.equipment",
    "pk": 21,
    "fields": {
      "code": "MOR-LAP0012",
      "model": 73,
      "description": "LAPTOP",
      "screen": 14.0,
      "processor": 7,
      "video": null,
      "part_number": "3PX4OLA#ABM",
      "factory_series": "PF1M76E8",
      "has_guarantee": false,
      "insurance_start_date": null,
      "insurance_end_date": null,
      "location": "ALMACEN",
      "campus": 1,
      "observation": null,
      "is_sublease": false,
      "state": "2",
      "memory": []
    }
  },
  {
    "model": "erp.equipment",
    "pk": 22,
    "fields": {
      "code": "MOR-LAP0013",
      "model": 73,
      "description": "LAPTOP",
      "screen": 14.0,
      "processor": 7,
      "video": null,
      "part_number": "3PX4OLA#ABM",
      "factory_series": "PF1M6VRD",
      "has_guarantee": false,
      "insurance_start_date": null,
      "insurance_end_date": null,
      "location": "ALMACEN",
      "campus": 1,
      "observation": null,
      "is_sublease": false,
      "state": "2",
      "memory": []
    }
  },
  {
    "model": "erp.equipment",
    "pk": 23,
    "fields": {
      "code": "MOR-LAP0014",
      "model": 73,
      "description": "LAPTOP",
      "screen": 14.0,
      "processor": 7,
      "video": null,
      "part_number": "3PX4OLA#ABM",
      "factory_series": "PF1M6J2R",
      "has_guarantee": false,
      "insurance_start_date": null,
      "insurance_end_date": null,
      "location": "ALMACEN",
      "campus": 1,
      "observation": null,
      "is_sublease": false,
      "state": "2",
      "memory": []
    }
  },
  {
    "model": "erp.equipment",
    "pk": 24,
    "fields": {
      "code": "MOR-LAP0015",
      "model": 74,
      "description": "LAPTOP",
      "screen": 15.6,
      "processor": 7,
      "video": null,
      "part_number": "3PX4OLA#ABM",
      "factory_series": "PF1M6VRT",
      "has_guarantee": false,
      "insurance_start_date": null,
      "insurance_end_date": null,
      "location": "ALMACEN",
      "campus": 1,
      "observation": null,
      "is_sublease": false,
      "state": "2",
      "memory": []
    }
  },
  {
    "model": "erp.equipment",
    "pk": 25,
    "fields": {
      "code": "MOR-LAP0016",
      "model": 74,
      "description": "LAPTOP",
      "screen": 15.6,
      "processor": 7,
      "video": null,
      "part_number": "3PX4OLA#ABM",
      "factory_series": "PF1M6VQP",
      "has_guarantee": false,
      "insurance_start_date": null,
      "insurance_end_date": null,
      "location": "ALMACEN",
      "campus": 1,
      "observation": null,
      "is_sublease": false,
      "state": "2",
      "memory": []
    }
  },
  {
    "model": "erp.equipment",
    "pk": 26,
    "fields": {
      "code": "MOR-LAP0018",
      "model": 92,
      "description": "LAPTOP",
      "screen": 15.6,
      "processor": 25,
      "video": null,
      "part_number": "3PX4OLA#ABM",
      "factory_series": "R90V47HB",
      "has_guarantee": false,
      "insurance_start_date": null,
      "insurance_end_date": null,
      "location": "ALMACEN",
      "campus": 1,
      "observation": null,
      "is_sublease": false,
      "state": "2",
      "memory": []
    }
  },
  {
    "model": "erp.equipment",
    "pk": 27,
    "fields": {
      "code": "MOR-LAP0019",
      "model": 92,
      "description": "LAPTOP",
      "screen": 15.6,
      "processor": 25,
      "video": null,
      "part_number": "3PX4OLA#ABM",
      "factory_series": "R90V47HC",
      "has_guarantee": false,
      "insurance_start_date": null,
      "insurance_end_date": null,
      "location": "ALMACEN",
      "campus": 1,
      "observation": null,
      "is_sublease": false,
      "state": "2",
      "memory": []
    }
  },
  {
    "model": "erp.equipment",
    "pk": 28,
    "fields": {
      "code": "MOR-LAP0021",
      "model": 92,
      "description": "LAPTOP",
      "screen": 15.6,
      "processor": 25,
      "video": null,
      "part_number": "3PX4OLA#ABM",
      "factory_series": "R90V47J1",
      "has_guarantee": false,
      "insurance_start_date": null,
      "insurance_end_date": null,
      "location": "ALMACEN",
      "campus": 1,
      "observation": null,
      "is_sublease": false,
      "state": "2",
      "memory": []
    }
  },
  {
    "model": "erp.equipment",
    "pk": 29,
    "fields": {
      "code": "MOR-LAP0022",
      "model": 92,
      "description": "LAPTOP",
      "screen": 15.6,
      "processor": 25,
      "video": null,
      "part_number": "3PX4OLA#ABM",
      "factory_series": "R90V47J2",
      "has_guarantee": false,
      "insurance_start_date": null,
      "insurance_end_date": null,
      "location": "ALMACEN",
      "campus": 1,
      "observation": null,
      "is_sublease": false,
      "state": "2",
      "memory": []
    }
  },
  {
    "model": "erp.equipment",
    "pk": 30,
    "fields": {
      "code": "MOR-LAP0023",
      "model": 92,
      "description": "LAPTOP",
      "screen": 15.6,
      "processor": 25,
      "video": null,
      "part_number": "3PX4OLA#ABM",
      "factory_series": "R90V47M8",
      "has_guarantee": false,
      "insurance_start_date": null,
      "insurance_end_date": null,
      "location": "ALMACEN",
      "campus": 1,
      "observation": null,
      "is_sublease": false,
      "state": "2",
      "memory": []
    }
  },
  {
    "model": "erp.equipmentmemory",
    "pk": 1,
    "fields": {
      "memory": 11,
      "equipment": 1,
      "amount": 1
    }
  },
  {
    "model": "erp.equipmentmemory",
    "pk": 2,
    "fields": {
      "memory": 11,
      "equipment": 2,
      "amount": 1
    }
  },
  {
    "model": "erp.equipmentmemory",
    "pk": 3,
    "fields": {
      "memory": 11,
      "equipment": 3,
      "amount": 1
    }
  },
  {
    "model": "erp.equipmentmemory",
    "pk": 4,
    "fields": {
      "memory": 11,
      "equipment": 4,
      "amount": 1
    }
  },
  {
    "model": "erp.equipmentmemory",
    "pk": 5,
    "fields": {
      "memory": 11,
      "equipment": 5,
      "amount": 1
    }
  },
  {
    "model": "erp.equipmentmemory",
    "pk": 6,
    "fields": {
      "memory": 11,
      "equipment": 6,
      "amount": 1
    }
  },
  {
    "model": "erp.equipmentmemory",
    "pk": 7,
    "fields": {
      "memory": 11,
      "equipment": 7,
      "amount": 1
    }
  },
  {
    "model": "erp.equipmentmemory",
    "pk": 8,
    "fields": {
      "memory": 10,
      "equipment": 8,
      "amount": 1
    }
  },
  {
    "model": "erp.equipmentmemory",
    "pk": 9,
    "fields": {
      "memory": 11,
      "equipment": 8,
      "amount": 1
    }
  },
  {
    "model": "erp.equipmentmemory",
    "pk": 10,
    "fields": {
      "memory": 11,
      "equipment": 9,
      "amount": 1
    }
  },
  {
    "model": "erp.equipmentmemory",
    "pk": 11,
    "fields": {
      "memory": 11,
      "equipment": 10,
      "amount": 1
    }
  },
  {
    "model": "erp.equipmentmemory",
    "pk": 12,
    "fields": {
      "memory": 12,
      "equipment": 11,
      "amount": 1
    }
  },
  {
    "model": "erp.equipmentmemory",
    "pk": 13,
    "fields": {
      "memory": 10,
      "equipment": 12,
      "amount": 1
    }
  },
  {
    "model": "erp.equipmentmemory",
    "pk": 14,
    "fields": {
      "memory": 11,
      "equipment": 12,
      "amount": 1
    }
  },
  {
    "model": "erp.equipmentmemory",
    "pk": 15,
    "fields": {
      "memory": 12,
      "equipment": 13,
      "amount": 1
    }
  },
  {
    "model": "erp.equipmentmemory",
    "pk": 16,
    "fields": {
      "memory": 11,
      "equipment": 14,
      "amount": 2
    }
  },
  {
    "model": "erp.equipmentmemory",
    "pk": 17,
    "fields": {
      "memory": 12,
      "equipment": 15,
      "amount": 1
    }
  },
  {
    "model": "erp.equipmentmemory",
    "pk": 18,
    "fields": {
      "memory": 11,
      "equipment": 16,
      "amount": 1
    }
  },
  {
    "model": "erp.equipmentmemory",
    "pk": 19,
    "fields": {
      "memory": 10,
      "equipment": 17,
      "amount": 1
    }
  },
  {
    "model": "erp.equipmentmemory",
    "pk": 20,
    "fields": {
      "memory": 11,
      "equipment": 17,
      "amount": 1
    }
  },
  {
    "model": "erp.equipmentmemory",
    "pk": 21,
    "fields": {
      "memory": 12,
      "equipment": 18,
      "amount": 1
    }
  },
  {
    "model": "erp.equipmentmemory",
    "pk": 22,
    "fields": {
      "memory": 11,
      "equipment": 19,
      "amount": 1
    }
  },
  {
    "model": "erp.equipmentmemory",
    "pk": 23,
    "fields": {
      "memory": 11,
      "equipment": 20,
      "amount": 1
    }
  },
  {
    "model": "erp.equipmentmemory",
    "pk": 24,
    "fields": {
      "memory": 10,
      "equipment": 21,
      "amount": 1
    }
  },
  {
    "model": "erp.equipmentmemory",
    "pk": 25,
    "fields": {
      "memory": 10,
      "equipment": 22,
      "amount": 1
    }
  },
  {
    "model": "erp.equipmentmemory",
    "pk": 26,
    "fields": {
      "memory": 11,
      "equipment": 23,
      "amount": 1
    }
  },
  {
    "model": "erp.equipmentmemory",
    "pk": 27,
    "fields": {
      "memory": 11,
      "equipment": 24,
      "amount": 1
    }
  },
  {
    "model": "erp.equipmentmemory",
    "pk": 28,
    "fields": {
      "memory": 11,
      "equipment": 25,
      "amount": 1
    }
  },
  {
    "model": "erp.equipmentmemory",
    "pk": 29,
    "fields": {
      "memory": 11,
      "equipment": 26,
      "amount": 1
    }
  },
  {
    "model": "erp.equipmentmemory",
    "pk": 30,
    "fields": {
      "memory": 11,
      "equipment": 27,
      "amount": 1
    }
  },
  {
    "model": "erp.equipmentmemory",
    "pk": 31,
    "fields": {
      "memory": 11,
      "equipment": 28,
      "amount": 1
    }
  },
  {
    "model": "erp.equipmentmemory",
    "pk": 32,
    "fields": {
      "memory": 11,
      "equipment": 29,
      "amount": 1
    }
  },
  {
    "model": "erp.equipmentmemory",
    "pk": 33,
    "fields": {
      "memory": 11,
      "equipment": 30,
      "amount": 1
    }
  },
  {
    "model": "erp.equipmentharddisk",
    "pk": 1,
    "fields": {
      "harddisk": 27,
      "equipment": 1,
      "amount": 1
    }
  },
  {
    "model": "erp.equipmentharddisk",
    "pk": 2,
    "fields": {
      "harddisk": 27,
      "equipment": 2,
      "amount": 1
    }
  },
  {
    "model": "erp.equipmentharddisk",
    "pk": 3,
    "fields": {
      "harddisk": 27,
      "equipment": 3,
      "amount": 1
    }
  },
  {
    "model": "erp.equipmentharddisk",
    "pk": 4,
    "fields": {
      "harddisk": 27,
      "equipment": 4,
      "amount": 1
    }
  },
  {
    "model": "erp.equipmentharddisk",
    "pk": 5,
    "fields": {
      "harddisk": 27,
      "equipment": 5,
      "amount": 1
    }
  },
  {
    "model": "erp.equipmentharddisk",
    "pk": 6,
    "fields": {
      "harddisk": 27,
      "equipment": 6,
      "amount": 1
    }
  },
  {
    "model": "erp.equipmentharddisk",
    "pk": 7,
    "fields": {
      "harddisk": 27,
      "equipment": 7,
      "amount": 1
    }
  },
  {
    "model": "erp.equipmentharddisk",
    "pk": 8,
    "fields": {
      "harddisk": 27,
      "equipment": 8,
      "amount": 1
    }
  },
  {
    "model": "erp.equipmentharddisk",
    "pk": 9,
    "fields": {
      "harddisk": 27,
      "equipment": 9,
      "amount": 1
    }
  },
  {
    "model": "erp.equipmentharddisk",
    "pk": 10,
    "fields": {
      "harddisk": 27,
      "equipment": 10,
      "amount": 1
    }
  },
  {
    "model": "erp.equipmentharddisk",
    "pk": 11,
    "fields": {
      "harddisk": 27,
      "equipment": 11,
      "amount": 1
    }
  },
  {
    "model": "erp.equipmentharddisk",
    "pk": 12,
    "fields": {
      "harddisk": 5,
      "equipment": 12,
      "amount": 1
    }
  },
  {
    "model": "erp.equipmentharddisk",
    "pk": 13,
    "fields": {
      "harddisk": 27,
      "equipment": 12,
      "amount": 1
    }
  },
  {
    "model": "erp.equipmentharddisk",
    "pk": 14,
    "fields": {
      "harddisk": 27,
      "equipment": 13,
      "amount": 1
    }
  },
  {
    "model": "erp.equipmentharddisk",
    "pk": 15,
    "fields": {
      "harddisk": 10,
      "equipment": 14,
      "amount": 1
    }
  },
  {
    "model": "erp.equipmentharddisk",
    "pk": 16,
    "fields": {
      "harddisk": 27,
      "equipment": 15,
      "amount": 1
    }
  },
  {
    "model": "erp.equipmentharddisk",
    "pk": 17,
    "fields": {
      "harddisk": 27,
      "equipment": 16,
      "amount": 1
    }
  },
  {
    "model": "erp.equipmentharddisk",
    "pk": 18,
    "fields": {
      "harddisk": 27,
      "equipment": 17,
      "amount": 1
    }
  },
  {
    "model": "erp.equipmentharddisk",
    "pk": 19,
    "fields": {
      "harddisk": 8,
      "equipment": 18,
      "amount": 1
    }
  },
  {
    "model": "erp.equipmentharddisk",
    "pk": 20,
    "fields": {
      "harddisk": 27,
      "equipment": 19,
      "amount": 1
    }
  },
  {
    "model": "erp.equipmentharddisk",
    "pk": 21,
    "fields": {
      "harddisk": 9,
      "equipment": 20,
      "amount": 1
    }
  },
  {
    "model": "erp.equipmentharddisk",
    "pk": 22,
    "fields": {
      "harddisk": 27,
      "equipment": 21,
      "amount": 1
    }
  },
  {
    "model": "erp.equipmentharddisk",
    "pk": 23,
    "fields": {
      "harddisk": 27,
      "equipment": 22,
      "amount": 1
    }
  },
  {
    "model": "erp.equipmentharddisk",
    "pk": 24,
    "fields": {
      "harddisk": 9,
      "equipment": 23,
      "amount": 1
    }
  },
  {
    "model": "erp.equipmentharddisk",
    "pk": 25,
    "fields": {
      "harddisk": 27,
      "equipment": 24,
      "amount": 1
    }
  },
  {
    "model": "erp.equipmentharddisk",
    "pk": 26,
    "fields": {
      "harddisk": 27,
      "equipment": 25,
      "amount": 1
    }
  },
  {
    "model": "erp.equipmentharddisk",
    "pk": 27,
    "fields": {
      "harddisk": 27,
      "equipment": 26,
      "amount": 1
    }
  },
  {
    "model": "erp.equipmentharddisk",
    "pk": 28,
    "fields": {
      "harddisk": 27,
      "equipment": 27,
      "amount": 1
    }
  },
  {
    "model": "erp.equipmentharddisk",
    "pk": 29,
    "fields": {
      "harddisk": 27,
      "equipment": 28,
      "amount": 1
    }
  },
  {
    "model": "erp.equipmentharddisk",
    "pk": 30,
    "fields": {
      "harddisk": 27,
      "equipment": 29,
      "amount": 1
    }
  },
  {
    "model": "erp.equipmentharddisk",
    "pk": 31,
    "fields": {
      "harddisk": 27,
      "equipment": 30,
      "amount": 1
    }
  },
  {
    "model": "erp.staff",
    "pk": 1,
    "fields": {
      "user": 1,
      "perfil": 1,
      "area": 1,
      "avatar": "avatar/2021/06/24/3223.png",
      "is_active": 1,
      "date_joined": "2021-06-24",
      "date_creation": "2021-06-24",
      "date_updated": "2021-06-24"
    }
  }
]